id_intento,fecha,canal,perfil_entrada,resultado,causa_no_acceso,negativa_escrita
V001,2026-03-01,app,estandar,alta_completada,,
V002,2026-03-01,app,estandar,alta_completada,,
V003,2026-03-01,app,estandar,alta_completada,,
V004,2026-03-01,app,estandar,alta_completada,,
V005,2026-03-01,app,estandar,alta_completada,,
V006,2026-03-01,app,estandar,alta_completada,,
V007,2026-03-01,app,estandar,alta_completada,,
V008,2026-03-01,app,estandar,alta_completada,,
V009,2026-03-01,app,estandar,alta_completada,,
V010,2026-03-01,app,estandar,alta_completada,,
V011,2026-03-01,app,estandar,alta_completada,,
V012,2026-03-01,app,estandar,alta_completada,,
V013,2026-03-01,app,estandar,alta_completada,,
V014,2026-03-01,app,estandar,alta_completada,,
V015,2026-03-01,app,estandar,alta_completada,,
V016,2026-03-01,app,estandar,alta_completada,,
V017,2026-03-01,app,estandar,alta_completada,,
V018,2026-03-01,app,estandar,alta_completada,,
V019,2026-03-01,app,estandar,alta_completada,,
V020,2026-03-01,app,estandar,alta_completada,,
V021,2026-03-01,app,estandar,alta_completada,,
V022,2026-03-01,app,estandar,alta_completada,,
V023,2026-03-01,app,estandar,alta_completada,,
V024,2026-03-01,app,estandar,alta_completada,,
V025,2026-03-01,app,estandar,alta_completada,,
V026,2026-03-01,app,estandar,alta_completada,,
V027,2026-03-01,app,estandar,alta_completada,,
V028,2026-03-01,app,estandar,alta_completada,,
V029,2026-03-01,app,estandar,alta_completada,,
V030,2026-03-01,app,estandar,alta_completada,,
V031,2026-03-01,app,estandar,alta_completada,,
V032,2026-03-01,app,estandar,alta_completada,,
V033,2026-03-01,app,estandar,alta_completada,,
V034,2026-03-01,app,estandar,alta_completada,,
V035,2026-03-01,app,estandar,alta_completada,,
V036,2026-03-01,app,estandar,alta_completada,,
V037,2026-03-01,app,estandar,alta_completada,,
V038,2026-03-01,app,estandar,alta_completada,,
V039,2026-03-01,app,estandar,alta_completada,,
V040,2026-03-01,app,estandar,alta_completada,,
V041,2026-03-01,app,estandar,alta_completada,,
V042,2026-03-01,app,estandar,alta_completada,,
V043,2026-03-01,app,estandar,alta_completada,,
V044,2026-03-01,app,estandar,alta_completada,,
V045,2026-03-01,app,estandar,alta_completada,,
V046,2026-03-01,app,estandar,alta_completada,,
V047,2026-03-01,app,estandar,alta_completada,,
V048,2026-03-01,app,estandar,alta_completada,,
V049,2026-03-01,app,estandar,alta_completada,,
V050,2026-03-01,app,estandar,alta_completada,,
V051,2026-03-01,app,estandar,alta_completada,,
V052,2026-03-01,app,estandar,alta_completada,,
V053,2026-03-01,app,estandar,alta_completada,,
V054,2026-03-01,app,estandar,alta_completada,,
V055,2026-03-01,app,estandar,alta_completada,,
V056,2026-03-01,app,estandar,alta_completada,,
V057,2026-03-01,app,estandar,alta_completada,,
V058,2026-03-01,app,estandar,alta_completada,,
V059,2026-03-01,app,estandar,alta_completada,,
V060,2026-03-01,app,estandar,alta_completada,,
V061,2026-03-01,app,estandar,alta_completada,,
V062,2026-03-01,app,estandar,alta_completada,,
V063,2026-03-01,app,estandar,alta_completada,,
V064,2026-03-01,app,estandar,alta_completada,,
V065,2026-03-01,app,estandar,alta_completada,,
V066,2026-03-01,app,estandar,alta_completada,,
V067,2026-03-01,app,estandar,alta_completada,,
V068,2026-03-01,app,estandar,alta_completada,,
V069,2026-03-01,app,estandar,alta_completada,,
V070,2026-03-01,app,estandar,alta_completada,,
V071,2026-03-01,oficina,estandar,alta_completada,,
V072,2026-03-01,oficina,estandar,alta_completada,,
V073,2026-03-01,oficina,estandar,alta_completada,,
V074,2026-03-01,oficina,estandar,alta_completada,,
V075,2026-03-01,oficina,estandar,alta_completada,,
V076,2026-03-01,oficina,estandar,alta_completada,,
V077,2026-03-01,oficina,estandar,alta_completada,,
V078,2026-03-01,oficina,estandar,alta_completada,,
V079,2026-03-01,oficina,estandar,alta_completada,,
V080,2026-03-01,oficina,estandar,alta_completada,,
V081,2026-03-01,oficina,estandar,alta_completada,,
V082,2026-03-01,oficina,estandar,alta_completada,,
V083,2026-03-01,oficina,estandar,alta_completada,,
V084,2026-03-01,oficina,estandar,alta_completada,,
V085,2026-03-01,oficina,estandar,alta_completada,,
V086,2026-03-01,oficina,estandar,alta_completada,,
V087,2026-03-01,oficina,estandar,alta_completada,,
V088,2026-03-01,oficina,estandar,alta_completada,,
V089,2026-03-01,oficina,estandar,alta_completada,,
V090,2026-03-01,oficina,estandar,alta_completada,,
V091,2026-03-01,oficina,estandar,alta_completada,,
V092,2026-03-01,oficina,estandar,alta_completada,,
V093,2026-03-01,oficina,estandar,alta_completada,,
V094,2026-03-01,oficina,estandar,alta_completada,,
V095,2026-03-01,oficina,estandar,alta_completada,,
V096,2026-03-01,oficina,estandar,alta_completada,,
V097,2026-03-01,app,estandar,no_acceso,desistimiento,true
V098,2026-03-01,app,estandar,no_acceso,desistimiento,true
V099,2026-03-01,app,estandar,no_acceso,desistimiento,false
V100,2026-03-01,app,estandar,no_acceso,desistimiento,false
V101,2026-03-01,app,proteccion_internacional,alta_completada,,
V102,2026-03-01,app,proteccion_internacional,alta_completada,,
V103,2026-03-01,app,proteccion_internacional,alta_completada,,
V104,2026-03-01,app,proteccion_internacional,alta_completada,,
V105,2026-03-01,app,proteccion_internacional,alta_completada,,
V106,2026-03-01,oficina,proteccion_internacional,alta_completada,,
V107,2026-03-01,oficina,proteccion_internacional,alta_completada,,
V108,2026-03-01,oficina,proteccion_internacional,alta_completada,,
V109,2026-03-01,oficina,proteccion_internacional,alta_completada,,
V110,2026-03-01,oficina,proteccion_internacional,alta_completada,,
V111,2026-03-01,oficina,proteccion_internacional,alta_completada,,
V112,2026-03-01,oficina,proteccion_internacional,alta_completada,,
V113,2026-03-01,oficina,proteccion_internacional,alta_completada,,
V114,2026-03-01,oficina,proteccion_internacional,alta_completada,,
V115,2026-03-01,oficina,proteccion_internacional,alta_completada,,
V116,2026-03-01,oficina,proteccion_internacional,alta_completada,,
V117,2026-03-01,oficina,proteccion_internacional,alta_completada,,
V118,2026-03-01,oficina,proteccion_internacional,alta_completada,,
V119,2026-03-01,oficina,proteccion_internacional,alta_completada,,
V120,2026-03-01,oficina,proteccion_internacional,alta_completada,,
V121,2026-03-01,oficina,proteccion_internacional,alta_completada,,
V122,2026-03-01,oficina,proteccion_internacional,alta_completada,,
V123,2026-03-01,oficina,proteccion_internacional,alta_completada,,
V124,2026-03-01,oficina,proteccion_internacional,alta_completada,,
V125,2026-03-01,oficina,proteccion_internacional,alta_completada,,
V126,2026-03-01,oficina,proteccion_internacional,alta_completada,,
V127,2026-03-01,oficina,proteccion_internacional,alta_completada,,
V128,2026-03-01,oficina,proteccion_internacional,alta_completada,,
V129,2026-03-01,oficina,proteccion_internacional,alta_completada,,
V130,2026-03-01,oficina,proteccion_internacional,alta_completada,,
V131,2026-03-01,oficina,proteccion_internacional,alta_completada,,
V132,2026-03-01,oficina,proteccion_internacional,alta_completada,,
V133,2026-03-01,oficina,proteccion_internacional,alta_completada,,
V134,2026-03-01,oficina,proteccion_internacional,alta_completada,,
V135,2026-03-01,oficina,proteccion_internacional,alta_completada,,
V136,2026-03-01,oficina,proteccion_internacional,alta_completada,,
V137,2026-03-01,oficina,proteccion_internacional,alta_completada,,
V138,2026-03-01,oficina,proteccion_internacional,alta_completada,,
V139,2026-03-01,oficina,proteccion_internacional,alta_completada,,
V140,2026-03-01,oficina,proteccion_internacional,alta_completada,,
V141,2026-03-01,oficina,proteccion_internacional,alta_completada,,
V142,2026-03-01,oficina,proteccion_internacional,alta_completada,,
V143,2026-03-01,oficina,proteccion_internacional,alta_completada,,
V144,2026-03-01,app,proteccion_internacional,no_acceso,documento_no_reconocido,true
V145,2026-03-01,app,proteccion_internacional,no_acceso,documento_no_reconocido,true
V146,2026-03-01,app,proteccion_internacional,no_acceso,documento_no_reconocido,true
V147,2026-03-01,app,proteccion_internacional,no_acceso,documento_no_reconocido,true
V148,2026-03-01,app,proteccion_internacional,no_acceso,documento_no_reconocido,true
V149,2026-03-01,app,proteccion_internacional,no_acceso,documento_no_reconocido,true
V150,2026-03-01,app,proteccion_internacional,no_acceso,documento_no_reconocido,true
V151,2026-03-01,app,proteccion_internacional,no_acceso,documento_no_reconocido,true
V152,2026-03-01,app,proteccion_internacional,no_acceso,documento_no_reconocido,true
V153,2026-03-01,app,proteccion_internacional,no_acceso,documento_no_reconocido,true
V154,2026-03-01,app,proteccion_internacional,no_acceso,documento_no_reconocido,true
V155,2026-03-01,app,proteccion_internacional,no_acceso,documento_no_reconocido,true
V156,2026-03-01,app,proteccion_internacional,no_acceso,documento_no_reconocido,true
V157,2026-03-01,app,proteccion_internacional,no_acceso,documento_no_reconocido,true
V158,2026-03-01,app,proteccion_internacional,no_acceso,documento_no_reconocido,true
V159,2026-03-01,app,proteccion_internacional,no_acceso,documento_no_reconocido,false
V160,2026-03-01,app,proteccion_internacional,no_acceso,documento_no_reconocido,false
V161,2026-03-01,app,proteccion_internacional,no_acceso,documento_no_reconocido,false
V162,2026-03-01,app,proteccion_internacional,no_acceso,documento_no_reconocido,false
V163,2026-03-01,app,proteccion_internacional,no_acceso,documento_no_reconocido,false
V164,2026-03-01,app,proteccion_internacional,no_acceso,documento_no_reconocido,false
V165,2026-03-01,app,proteccion_internacional,no_acceso,documento_no_reconocido,false
V166,2026-03-01,app,proteccion_internacional,no_acceso,documento_no_reconocido,false
V167,2026-03-01,app,proteccion_internacional,no_acceso,documento_no_reconocido,false
V168,2026-03-01,app,proteccion_internacional,no_acceso,documento_no_reconocido,false
V169,2026-03-01,app,proteccion_internacional,no_acceso,documento_no_reconocido,false
V170,2026-03-01,app,proteccion_internacional,no_acceso,documento_no_reconocido,false
V171,2026-03-01,app,proteccion_internacional,no_acceso,documento_no_reconocido,false
V172,2026-03-01,app,proteccion_internacional,no_acceso,documento_no_reconocido,false
V173,2026-03-01,app,proteccion_internacional,no_acceso,documento_no_reconocido,false
V174,2026-03-01,app,proteccion_internacional,no_acceso,documento_no_reconocido,false
V175,2026-03-01,app,proteccion_internacional,no_acceso,documento_no_reconocido,false
V176,2026-03-01,app,proteccion_internacional,no_acceso,documento_no_reconocido,false
V177,2026-03-01,app,proteccion_internacional,no_acceso,documento_no_reconocido,false
V178,2026-03-01,app,proteccion_internacional,no_acceso,documento_no_reconocido,false
V179,2026-03-01,app,proteccion_internacional,no_acceso,documento_no_reconocido,false
V180,2026-03-01,app,proteccion_internacional,no_acceso,documento_no_reconocido,false
V181,2026-03-01,app,proteccion_internacional,no_acceso,documento_no_reconocido,false
V182,2026-03-01,app,proteccion_internacional,no_acceso,documento_no_reconocido,false
V183,2026-03-01,app,proteccion_internacional,no_acceso,documento_no_reconocido,false
V184,2026-03-01,app,proteccion_internacional,no_acceso,documento_no_reconocido,false
V185,2026-03-01,app,proteccion_internacional,no_acceso,documento_no_reconocido,false
V186,2026-03-01,app,proteccion_internacional,no_acceso,documento_no_reconocido,false
V187,2026-03-01,app,proteccion_internacional,no_acceso,documento_no_reconocido,false
V188,2026-03-01,app,proteccion_internacional,no_acceso,documento_no_reconocido,false
V189,2026-03-01,app,proteccion_internacional,no_acceso,documento_no_reconocido,false
V190,2026-03-01,app,proteccion_internacional,no_acceso,documento_no_reconocido,false
V191,2026-03-01,app,proteccion_internacional,no_acceso,documento_no_reconocido,false
V192,2026-03-01,app,proteccion_internacional,no_acceso,documento_no_reconocido,false
V193,2026-03-01,app,proteccion_internacional,no_acceso,documento_no_reconocido,false
V194,2026-03-01,app,proteccion_internacional,no_acceso,documento_no_reconocido,false
V195,2026-03-01,app,proteccion_internacional,no_acceso,documento_no_reconocido,false
V196,2026-03-01,app,proteccion_internacional,no_acceso,documento_no_reconocido,false
V197,2026-03-01,app,proteccion_internacional,no_acceso,documento_no_reconocido,false
V198,2026-03-01,app,proteccion_internacional,no_acceso,documento_no_reconocido,false
V199,2026-03-01,oficina,proteccion_internacional,no_acceso,informacion_aml_adicional,true
V200,2026-03-01,oficina,proteccion_internacional,no_acceso,informacion_aml_adicional,true
