id_intento,aprobado
V001,true
V002,true
V003,true
V004,true
V005,true
V006,true
V007,true
V008,true
V009,true
V010,true
V011,true
V012,true
V013,true
V014,true
V015,true
V016,true
V017,true
V018,true
V019,true
V020,true
V021,true
V022,true
V023,true
V024,true
V025,true
V026,true
V027,true
V028,true
V029,true
V030,true
V031,true
V032,true
V033,true
V034,true
V035,true
V036,true
V037,true
V038,true
V039,true
V040,true
V041,true
V042,true
V043,false
V044,false
V045,false
V046,false
V047,false
V048,false
V049,false
V050,false
V051,false
V052,false
V053,false
V054,false
V055,false
V056,false
V057,false
V058,false
V059,false
V060,false
V061,false
V062,false
V063,false
V064,false
V065,false
V066,false
V067,false
V068,false
V069,false
V070,false
V071,false
V072,false
V073,false
V074,false
V075,false
V076,false
V077,false
V101,true
V102,true
V103,true
V104,true
V105,true
V106,true
V107,true
V108,true
V109,true
V110,true
V111,true
V112,true
V113,true
V114,true
V115,true
V116,true
V117,true
V118,true
V119,true
V120,false
V121,false
V122,false
V123,false
V124,false
V125,false
V126,false
V127,false
V128,false
V129,false
V130,false
V131,false
V132,false
V133,false
V134,false
