indicador,nativo_total,inmigrante_total,nativo_comparable,inmigrante_comparable,dif_total_pp,dif_comparable_pp
Cuenta corriente,98.7,93.3,97.7,93.3,5.4,4.4
Algún ahorro,40.7,22.1,18.9,14.8,18.6,4.1
Tarjeta de crédito,64.7,50.2,53.6,43.1,14.4,10.5
Alguna deuda,42.0,39.4,35.4,30.3,2.5,5.1
Hipoteca,30.9,18.9,22.5,10.6,12.0,11.8
Ha ahorrado en los últimos 12 meses,71.0,64.5,78.0,70.3,6.5,7.7
Ha ahorrado formalmente (b),80.5,60.6,67.6,52.6,19.9,14.9
Ha ahorrado en metálico (b),39.0,49.3,64.0,60.1,-10.3,3.9
Ha ahorrado con remesas (b),0.9,18.3,0.6,20.7,-17.4,-20.0
Crédito formal (c),18.6,22.3,19.1,27.2,-3.7,-8.0
Crédito informal (c),30.8,48.5,38.9,54.6,-17.7,-15.7
Ahorros propios (c),57.2,47.5,53.6,47.9,9.8,5.7
Impagos (c),13.2,12.4,17.8,15.7,0.8,2.1
% de rechazados (crédito últimos 2 años),4.2,12.1,6.8,12.1,-7.9,-5.3
% que no lo solicita por temor a rechazo,2.4,6.2,4.4,7.7,-3.8,-3.3
