intentos_perfil,etapa_real,cociente_real,calidad_datos,equidad_modelo,kit_detecta,kit_etapa_correcta
300,alta,0.7,0.0,0.003,1.0,1.0
300,alta,0.6,0.0,0.0045,1.0,1.0
300,datos,0.7,0.0,0.0035,0.995,0.995
300,datos,0.6,0.0,0.0035,1.0,1.0
300,decision,0.7,0.0,0.944,0.944,0.944
300,decision,0.6,0.0,1.0,1.0,1.0
300,ninguna,1.0,0.0,0.0,0.0,1.0
1000,alta,0.7,0.0,0.0,1.0,1.0
1000,alta,0.6,0.0,0.0,1.0,1.0
1000,datos,0.7,0.0,0.0,1.0,1.0
1000,datos,0.6,0.0,0.0,1.0,1.0
1000,decision,0.7,0.0,0.9965,0.9965,0.9965
1000,decision,0.6,0.0,1.0,1.0,1.0
1000,ninguna,1.0,0.0,0.0,0.0,1.0
