acceso_oficina,prop_digital,cociente
0.333,0.0,0.34794711203897005
0.333,0.1,0.31837160751565763
0.333,0.2,0.2887961029923452
0.333,0.3,0.25922059846903267
0.333,0.4,0.22964509394572022
0.333,0.5,0.2000695894224078
0.333,0.6,0.17049408489909534
0.333,0.7,0.1409185803757829
0.6,0.0,0.6263048016701461
0.6,0.1,0.5688935281837162
0.6,0.2,0.511482254697286
0.6,0.3,0.454070981210856
0.6,0.4,0.3966597077244259
0.6,0.5,0.33924843423799583
0.6,0.6,0.2818371607515658
0.6,0.7,0.22442588726513574
0.867,0.0,0.9046624913013223
0.867,0.1,0.8194154488517746
0.867,0.2,0.7341684064022269
0.867,0.3,0.6489213639526793
0.867,0.4,0.5636743215031316
0.867,0.5,0.4784272790535839
0.867,0.6,0.3931802366040362
0.867,0.7,0.30793319415448855
