geo,ind_type,TIME_PERIOD,OBS_VALUE,OBS_FLAG
Spain,"Disability (activity limitation) - limited, but not severely",2024,63.33,
Spain,Disability (activity limitation) - limited or severely limited,2024,61.66,
Spain,Disability (activity limitation) - not limited at all,2024,77.76,
Spain,Disability (activity limitation) - severely limited,2024,51.82,
Spain,"Females with disability (activity limitation) - limited, but not severely",2024,60.35,
Spain,Females with disability (activity limitation) - limited or severely limited,2024,58.03,
Spain,Females with disability (activity limitation) - not limited at all,2024,76.15,
Spain,Females with disability (activity limitation) - severely limited,2024,42.12,
Spain,"Males with disability (activity limitation) - limited, but not severely",2024,66.71,
Spain,Males with disability (activity limitation) - limited or severely limited,2024,65.6,
Spain,Males with disability (activity limitation) - not limited at all,2024,79.38,
Spain,Males with disability (activity limitation) - severely limited,2024,59.98,
Spain,"Individuals aged 16 to 24 with disability (activity limitation) - limited, but not severely",2024,65.93,u
Spain,Individuals aged 16 to 24 with disability (activity limitation) - limited or severely limited,2024,65.2,u
Spain,Individuals aged 16 to 24 with disability (activity limitation) - not limited at all,2024,69.68,
Spain,Individuals aged 16 to 24 with disability (activity limitation) - severely limited,2024,,u
Spain,"Individuals aged 25 to 54 with disability (activity limitation) - limited, but not severely",2024,76.1,
Spain,Individuals aged 25 to 54 with disability (activity limitation) - limited or severely limited,2024,74.66,
Spain,Individuals aged 25 to 54 with disability (activity limitation) - not limited at all,2024,84.84,
Spain,Individuals aged 25 to 54 with disability (activity limitation) - severely limited,2024,64.9,
Spain,"Individuals aged 55 to 74 with disability (activity limitation) - limited, but not severely",2024,53.33,
Spain,Individuals aged 55 to 74 with disability (activity limitation) - limited or severely limited,2024,51.84,
Spain,Individuals aged 55 to 74 with disability (activity limitation) - not limited at all,2024,67.29,
Spain,Individuals aged 55 to 74 with disability (activity limitation) - severely limited,2024,44.25,
European Union - 27 countries (from 2020),"Disability (activity limitation) - limited, but not severely",2024,59.63,
European Union - 27 countries (from 2020),Disability (activity limitation) - limited or severely limited,2024,57.23,
European Union - 27 countries (from 2020),Disability (activity limitation) - not limited at all,2024,69.29,
European Union - 27 countries (from 2020),Disability (activity limitation) - severely limited,2024,50.94,
European Union - 27 countries (from 2020),"Females with disability (activity limitation) - limited, but not severely",2024,57.77,
European Union - 27 countries (from 2020),Females with disability (activity limitation) - limited or severely limited,2024,56.24,
European Union - 27 countries (from 2020),Females with disability (activity limitation) - not limited at all,2024,68.03,
European Union - 27 countries (from 2020),Females with disability (activity limitation) - severely limited,2024,52.17,
European Union - 27 countries (from 2020),"Males with disability (activity limitation) - limited, but not severely",2024,61.84,
European Union - 27 countries (from 2020),Males with disability (activity limitation) - limited or severely limited,2024,58.39,
European Union - 27 countries (from 2020),Males with disability (activity limitation) - not limited at all,2024,70.54,
European Union - 27 countries (from 2020),Males with disability (activity limitation) - severely limited,2024,49.53,
European Union - 27 countries (from 2020),"Individuals aged 16 to 24 with disability (activity limitation) - limited, but not severely",2024,70.34,
European Union - 27 countries (from 2020),Individuals aged 16 to 24 with disability (activity limitation) - limited or severely limited,2024,65.57,
European Union - 27 countries (from 2020),Individuals aged 16 to 24 with disability (activity limitation) - not limited at all,2024,65.02,
European Union - 27 countries (from 2020),Individuals aged 16 to 24 with disability (activity limitation) - severely limited,2024,50.48,
European Union - 27 countries (from 2020),"Individuals aged 25 to 54 with disability (activity limitation) - limited, but not severely",2024,75.67,
European Union - 27 countries (from 2020),Individuals aged 25 to 54 with disability (activity limitation) - limited or severely limited,2024,71.32,
European Union - 27 countries (from 2020),Individuals aged 25 to 54 with disability (activity limitation) - not limited at all,2024,77.09,
European Union - 27 countries (from 2020),Individuals aged 25 to 54 with disability (activity limitation) - severely limited,2024,60.74,
European Union - 27 countries (from 2020),"Individuals aged 55 to 74 with disability (activity limitation) - limited, but not severely",2024,47.91,
European Union - 27 countries (from 2020),Individuals aged 55 to 74 with disability (activity limitation) - limited or severely limited,2024,46.8,
European Union - 27 countries (from 2020),Individuals aged 55 to 74 with disability (activity limitation) - not limited at all,2024,56.54,
European Union - 27 countries (from 2020),Individuals aged 55 to 74 with disability (activity limitation) - severely limited,2024,43.78,
