concepto,periodo,valor_min,valor_max,unidad,fuente
Cuentas Enlace Digital de personas refugiadas,jul 2024,5500,5500,cuentas,"Banorte (31 jul 2024)"
Cuentas abiertas a personas refugiadas (acumulado 2022-2025),jul 2026,12000,12000,cuentas,"Banorte (10 jul 2026)"
Salarios recibidos en conjunto,jul 2024,65000000,65000000,MXN/mes,"Banorte (31 jul 2024)"
Saldo medio mensual,jul 2024,1400,1400,MXN,"Banorte (31 jul 2024)"
Transacciones medias,jul 2024,5,5,operaciones/mes,"Banorte (31 jul 2024)"
Tope nivel 2 (3.000 UDIS),9 jul 2024,24390,24390,MXN/mes,"Banorte (31 jul 2024)"
Abonos mensuales (rango),jul 2026,2000,14000,MXN/mes,"El Universal (jul 2026), declaraciones de Banorte"
Saldo medio,jul 2026,1900,1900,MXN,"El Universal (jul 2026)"
Operaciones digitales,jul 2026,6,6,operaciones/mes,"El Universal (jul 2026)"
Valor de la UDI,28 sep 2026,8.830224,8.830224,MXN,"DOF, indicadores 28/09/2026"
