r_b,eval_A_mean,eval_A_p025,eval_A_p975,eval_B_mean,eval_B_p025,eval_B_p975,appr_eval_A_mean,appr_eval_A_p025,appr_eval_A_p975,appr_eval_B_mean,appr_eval_B_p025,appr_eval_B_p975,tpr_eval_A_mean,tpr_eval_A_p025,tpr_eval_A_p975,tpr_eval_B_mean,tpr_eval_B_p025,tpr_eval_B_p975,auc_A_mean,auc_A_p025,auc_A_p975,auc_B_mean,auc_B_p025,auc_B_p975,access_A_mean,access_A_p025,access_A_p975,access_B_mean,access_B_p025,access_B_p975,months_A_mean,months_A_p025,months_A_p975,months_B_mean,months_B_p025,months_B_p975,ratio_appr_eval_mean,ratio_appr_eval_p025,ratio_appr_eval_p975,ratio_tpr_eval_mean,ratio_tpr_eval_p025,ratio_tpr_eval_p975,ratio_access_mean,ratio_access_p025,ratio_access_p975
0.4,0.9587925916435935,0.9574205810010522,0.960325704892944,0.4093716161353534,0.40363293196072053,0.41585760531253546,0.520550141208,0.5092876371728043,0.5298587807019464,0.5281193638752223,0.5126963847062114,0.5439449948280005,0.5704805900381043,0.5587295347930362,0.5797395888459608,0.5747457020583127,0.5597097523917067,0.589599035849562,0.7396705512595468,0.735630567689926,0.7442892261102187,0.7246622683131939,0.7140717686009853,0.7353090412519611,0.5470177699173935,0.5359567852528525,0.5563286538250416,0.23555062807009844,0.2270271430891315,0.24386203229872488,14.903684002758212,14.870593233221514,14.925301788026383,11.75754073434057,11.675989749856011,11.853090956231574,1.0145102734401548,0.9940820200930883,1.030265757750827,1.007456651089146,0.987880427907848,1.019323464727337,0.4305978296631868,0.42076918069170816,0.4439258696895834
0.45,0.9588218977251838,0.957441721966911,0.9601931594223403,0.4449900546775455,0.44018829668862125,0.4506711629018683,0.5214389515596778,0.5133042433549286,0.530242668636507,0.5286258107767083,0.5146506844621768,0.5439019249915463,0.5711753796153574,0.5625840800678495,0.5801931563960796,0.5765541971903249,0.5639879433298162,0.5918459216179802,0.7388854269124413,0.7343586592112739,0.7445860757834124,0.7261900471044667,0.7156144609934945,0.7397404749985736,0.5477061699300871,0.5396560743092859,0.5559783547371914,0.2565120083211134,0.25156514513789713,0.2656870185464445,14.902010553248264,14.873691275049971,14.927788022744062,12.17208083899286,12.051365850654093,12.311893885447478,1.0138255419069968,0.9925608595557189,1.0366806326881581,1.0094676141201464,0.9851904033737489,1.0290573936349903,0.4683677642812672,0.45474243457690544,0.48263396147435217
0.5,0.9587476426707437,0.957110772882231,0.9602796538760313,0.48274832504967113,0.47857814561604406,0.4890809950688965,0.5221259498198214,0.5119759323480249,0.5302143689030647,0.5271683367698341,0.5123748435802753,0.5345720002685903,0.5718662146043403,0.5607298090558893,0.58167287857864,0.5749003543313973,0.5617975383546214,0.5828050987075263,0.7387162891311548,0.7354804716656854,0.7435309995981739,0.7267259767971914,0.7160490452792899,0.7384524527451889,0.548299342304983,0.5384944314843229,0.5581913534450439,0.2776384444444569,0.27060387143505116,0.2846948847407394,14.907290162908478,14.880348869100464,14.932165055027497,12.561596958502141,12.501550818770259,12.678874894457268,1.0096935658066726,0.9829753477115086,1.0257340937169073,1.0053538195642933,0.9816880940940667,1.021368118770583,0.5063763637470211,0.49525646871742895,0.5191037735838174
0.55,0.9587382466809651,0.9574254422335344,0.9599678169796951,0.5216799869805733,0.5159904339804355,0.5286013340906661,0.523011305740612,0.5143579459058059,0.5331429801665037,0.5262645817435433,0.5141810779038932,0.5407639411412221,0.5729052043311429,0.5637458518339958,0.5832281052022872,0.57446721996983,0.5625182215510461,0.58779131162583,0.7397155877966195,0.735539832049969,0.7429005925185801,0.7296936729846487,0.720770149993602,0.7399789882090942,0.5493080889371609,0.5404316000735504,0.5595516706421458,0.29980507738225776,0.2904490833982987,0.3099189838366183,14.905843390195503,14.887020223311925,14.939280298799073,12.921282287215732,12.832117354532377,12.991684495246465,1.0062234662727776,0.9927470087696937,1.0205354022908197,1.0027284968274228,0.9895853734129321,1.012727795494545,0.5457705610996412,0.5345528940976328,0.5554999942024428
0.6,0.9587565341655658,0.9576322526474413,0.9602772125265018,0.5632989777305291,0.5592960042991415,0.5671197415386586,0.5217382711607907,0.5135709526971882,0.5298007256835605,0.5259984963398818,0.5163189982412962,0.5348858201745503,0.5715612761416587,0.5625815091634813,0.5794040213739525,0.574826825202497,0.5635524524159315,0.5847849856630518,0.7394048114853026,0.7363048359502891,0.7430279777950434,0.7318532827942672,0.7206856042389703,0.7412582726266732,0.5480167937402954,0.5392195575404011,0.5552496805660867,0.32383585569618767,0.31618853271296093,0.32934179304248234,14.902216542728635,14.864226907349302,14.936712531624805,13.265084951201533,13.186279187187022,13.332159188172568,1.0081892690313135,0.9892098649524478,1.0243729999340843,1.0057340995497435,0.9840611604767641,1.0219352051895532,0.5909390996812532,0.5766337572828804,0.6015098840840444
0.65,0.9587311927365401,0.9574488620262062,0.9602716759602052,0.607666683388876,0.6030605637742553,0.6107291550750239,0.5225041576481166,0.5153447784709037,0.5315840065842043,0.5254536507876277,0.512930131702021,0.5395322650231524,0.5722965061889707,0.5651908276021791,0.5810415757299744,0.5738029115109657,0.5601319982465345,0.5867963084143397,0.738878090431816,0.732916405825379,0.7446834158501993,0.7327290316687503,0.7246649952814042,0.7420958253409733,0.5487316526329844,0.541613418692096,0.5571584372029779,0.3488980914510922,0.33994581034169036,0.35648204151420665,14.900888836840053,14.864112250870054,14.944382813562942,13.547120624959698,13.4798873583213,13.660671742716284,1.0056257969361864,0.9885854313731456,1.0226646381740976,1.0026215827482698,0.9858364912301665,1.0165695871518599,0.6358167001397775,0.6233116569767104,0.6433346503671158
0.7,0.9587552841024862,0.9575310663166421,0.9600642165386428,0.6538486126665201,0.6487253068767677,0.6579648968350715,0.5224347985426658,0.5149238034336189,0.529999233712266,0.5239866926547185,0.5145552263086111,0.5370896267134961,0.5722037238206765,0.5646086399342406,0.5799286055927622,0.5733566823268744,0.561858916824903,0.5862377366609793,0.7389055450830971,0.735782272817298,0.7420013291153011,0.7352904899111897,0.7268602373081168,0.743377444419094,0.5486472865807264,0.5411562276105027,0.5557364651823553,0.3749289026176606,0.3684707858692408,0.38315357751632256,14.905124759423718,14.881702168927346,14.940091515232472,13.796763433789234,13.719403391490369,13.887818282825359,1.0029675395097224,0.9909743229468212,1.0209738413032396,1.0020065057448855,0.9886258674211177,1.0171091797097775,0.6833652775404297,0.6744166567572758,0.6923200001753964
0.75,0.9587105525964187,0.9575457041701178,0.9601620527661383,0.7029630578310541,0.6986668359755217,0.7062869396695489,0.522156971635627,0.5103813387014545,0.5298205895659462,0.5236001341516746,0.5094673090060847,0.5334107534101982,0.5721529542766763,0.5600982815041794,0.5797587405830151,0.5722786718786043,0.559178036418153,0.5839947291786234,0.7396394980990872,0.736864440912054,0.7441557965790371,0.7350480580773283,0.7240030642081055,0.7438481192754115,0.5485658567235918,0.5372251172677901,0.5559697942477151,0.40248115969805853,0.3930242174975766,0.4113653532779396,14.90565659586415,14.882917354983528,14.943204565899215,14.04386303906253,13.965324162197776,14.094551467911282,1.002777669480374,0.9883841463062123,1.017500287652668,1.0002397403680585,0.9868803236182431,1.0162600831317963,0.7337123836674789,0.7222921927414311,0.7466273169536751
0.8,0.9587136168556866,0.9572215886086628,0.9599100768767572,0.7551641561797707,0.7516574725307935,0.7586314495573493,0.5228144539621373,0.5157882679891941,0.5314179907296449,0.524805747708509,0.5154224947624235,0.5305444446244874,0.5725480211574536,0.565297033306154,0.5819564853292883,0.5745742229323135,0.565110056191227,0.5806827332194118,0.7392866360197539,0.7354565829465545,0.7426697345279191,0.7381100170731347,0.7287950947729478,0.7469752403778849,0.5489657446374591,0.5425458555172393,0.5579441020262537,0.4340087269061163,0.4274690954679908,0.4401859496737404,14.901199453689685,14.876276951845812,14.940697725689562,14.278336524185587,14.206110288115235,14.372859066605335,1.0038465626760034,0.9870393131637831,1.017102331037703,1.003577718086129,0.9882179147311487,1.0162728762963884,0.7906230114970748,0.7766962056370654,0.8006348198693124
0.85,0.9587038897493481,0.9573453462061426,0.9599214459242138,0.8110052858673067,0.8080110843674542,0.8151627992948209,0.5237948843716621,0.516035722839407,0.5328396851797227,0.5251976780746744,0.5134616755793227,0.5349026924147902,0.5740150222012322,0.5663095503023999,0.5832952968386373,0.5742809821082442,0.5616279489296008,0.583795525137301,0.7404355700735947,0.7354396742599479,0.7454081032790211,0.7382151452336444,0.7320225470650408,0.7469448137555854,0.5503721427525797,0.5432303972508289,0.5597428287175874,0.46598879816141237,0.4539127751955577,0.4730815611729595,14.901665859283408,14.869222086925499,14.945988115246047,14.485759952144594,14.412661266322447,14.550631059888106,1.0026969257998823,0.9884735088716061,1.0207065408800702,1.0004771053039878,0.9843801132705777,1.0145333164815964,0.8466959891202988,0.8302035645295867,0.8603397376125536
0.9,0.9587107479217378,0.9572568115987566,0.9600544920340108,0.8702235273798271,0.8665713444936134,0.8742031646481276,0.525763568294407,0.5190530489519555,0.537048083253452,0.527062022950055,0.5184710018163122,0.5394476997724432,0.5756359027749564,0.5680321483828068,0.5871446952521006,0.5770787897088413,0.5685566524144869,0.5873580171701059,0.7388054470971145,0.7343023917877202,0.7435606008517639,0.7387127871762466,0.7305764692408014,0.7469167091189439,0.551936939826879,0.5453156811621831,0.5629955826828211,0.5021628207665998,0.4950946575242099,0.5121422344134497,14.902744962805382,14.871593598782688,14.949916200886314,14.670120402005713,14.579340000085574,14.73982624327575,1.0024970522450185,0.9857226728886703,1.0167682627780126,1.0025300426312722,0.9913350038889224,1.0193116542665626,0.9098423475121169,0.9006044004013247,0.9269100721300968
0.95,0.9586577839630575,0.9572501642903607,0.9598767162048936,0.9327431338489909,0.930471930596206,0.9347196207195716,0.5235080498852895,0.5166456802700068,0.5333423885804978,0.5230969604861955,0.512513117683831,0.5325355197774304,0.5734830147653946,0.5661017680946742,0.5830825033592383,0.5726981532951957,0.5610747370214973,0.581249974109723,0.7398540949273094,0.736747037785849,0.7440158647174971,0.7397033719188995,0.732291494946117,0.7469270141149843,0.5498238167716474,0.5433433105860641,0.5591216269621718,0.5342336420630834,0.5237682577437658,0.5419032324157644,14.905242478420325,14.870724826929091,14.945606744162198,14.839092901030863,14.780184727201782,14.892302106706214,0.9992126364656245,0.9854734601794659,1.0117402107706626,0.998631873739319,0.9835365547560164,1.0096570543546586,0.9716476465553866,0.9574969470459055,0.980360855640778
0.97,0.958617641733378,0.9570011529696598,0.9601793039178729,0.9594171329248329,0.9574323437699107,0.9611282536489144,0.5243771602778038,0.5173079466000812,0.5326754659711728,0.5260522019290171,0.5150610224694468,0.5357094898347039,0.5743805351589286,0.5670476567603648,0.582932751289358,0.5760746429132003,0.5638007622646293,0.5866614921124703,0.7396965577035164,0.7362958163590194,0.7437230684449052,0.7392272925730101,0.7323436149465062,0.7475119432237691,0.5506755508392979,0.5437274316476632,0.5583783715369519,0.5526797746121306,0.5417948579692641,0.5626881596921175,14.907477153965027,14.867118681459747,14.943691632394843,14.909435156165282,14.863264292691602,14.959129522357259,1.0032232670027543,0.9873014865343822,1.0207207364559747,1.0029752898741287,0.9874975673490646,1.0163025676901412,1.0036651616723193,0.989675773807766,1.0173676968943401
