r_b,seed,eval_A,eval_B,appr_eval_A,appr_eval_B,tpr_eval_A,tpr_eval_B,auc_A,auc_B,access_A,access_B,months_A,months_B,ratio_appr_eval,ratio_tpr_eval,ratio_access
0.4,0,0.9788520395364005,0.5877712031558185,0.526769009969502,0.5419463087248322,0.5778832577282422,0.5891647855530474,0.7410457217318535,0.7306824755619655,0.5657730260739129,0.3466135458167331,14.923832997664089,11.703525224278787,1.0288120570270618,1.0195221572418534,0.6126370997606579
0.4,1,0.9800022511537163,0.5817396055834285,0.5079377233282287,0.5201946887541627,0.5568689138576779,0.5668028295307362,0.7374185601331669,0.7255103548174026,0.5457895896042875,0.33014159702878365,14.919524374213395,11.73634022514016,1.0241308429419675,1.01783887630617,0.6048880435190152
0.4,2,0.9792341255454011,0.5757500496721637,0.5235809309807726,0.5239409886981279,0.5749580988866275,0.5719039935457846,0.7456704472697434,0.7316903180748136,0.5628543384948946,0.32957517289475213,14.925562420288983,11.733305793136681,1.0006876830229108,0.9946881253664275,0.5855425646643417
0.4,3,0.9785742013849756,0.5836236933797909,0.517748829114734,0.5230703624733476,0.5681586673857032,0.5695085255767302,0.7397217881682092,0.7167453357222665,0.555860067709173,0.3315814062135015,14.911571634775642,11.731375048012062,1.0102782141829516,1.0023758472210555,0.5965195657605423
0.4,4,0.978542162222748,0.5784819831331459,0.5107796472115458,0.5160805796077046,0.5607860105636955,0.5660103626943005,0.7394940851687101,0.7309687379629974,0.5487422072328559,0.32730105465004794,14.885097020769837,11.723328595721718,1.010378119850894,1.0093161242117177,0.5964568614113538
0.4,5,0.9788069368209155,0.5792546026044005,0.5153160288181493,0.5219638242894057,0.5649626065974251,0.5664145234493192,0.737492424385349,0.7193858118490949,0.5529786266484766,0.32855554905516876,14.921969421310365,11.767435993075065,1.012900424398796,1.00256993442564,0.5941559641219705
0.4,6,0.9798604958760185,0.5891350747027136,0.5305945725673972,0.5354955576641076,0.5795496822774826,0.581880479693641,0.7383999183231725,0.7277812207892992,0.5679617314199044,0.3434043059355299,14.917973260151227,11.794352676435292,1.009236779549018,1.0040217387524033,0.6046257818762174
0.4,7,0.978924064090858,0.5866167290886392,0.5160865787590718,0.5175789563292755,0.5649341898387314,0.5649091272218894,0.738550775538963,0.7202056762771012,0.5529775602034385,0.331186698671038,14.871243830775633,11.780349313926962,1.0028917193967573,0.9999556362187085,0.5989152589649309
0.4,8,0.9793093108101354,0.5798967780728567,0.5157693289104364,0.5096344940810508,0.564808596373405,0.5550055561167795,0.7399399270679324,0.7263561493183905,0.5532085952346149,0.32258822147848043,14.922624048781502,11.651076701568737,0.9881054679184871,0.9826436064897558,0.5831222151233412
0.4,9,0.9798013907649207,0.5767831331306384,0.5267867400211894,0.5394054614586934,0.5781657425445826,0.5869763667714778,0.7414565059928921,0.7179441449599896,0.5666093903746457,0.33865870786516855,14.895719817802751,11.818730401093429,1.023954136425295,1.0152389247209952,0.5976934262265672
0.4,10,0.9784944896025533,0.5765620268497023,0.5219590505434021,0.5324754901960784,0.571769478582508,0.5802900936117683,0.739621231230845,0.7268929981480365,0.5596496350364963,0.33392529450068076,14.870004597339216,11.70669601834532,1.0201480166724342,1.0149021858431198,0.5966684754094489
0.4,11,0.9780511306045324,0.5847238776321018,0.5196074668304353,0.531934771530491,0.568711151052198,0.579575727676369,0.7392802225458891,0.7380780452301496,0.5563125430384013,0.34054148066554585,14.89795063408074,11.787161694760309,1.0237242639626625,1.0191038572112925,0.6121405762408612
0.4,12,0.9789524902684898,0.583467417538214,0.5244121582871344,0.5361944157187177,0.5750358808754934,0.5820352012947603,0.7427626132496914,0.7192343119007206,0.5631066539784789,0.3406951270057434,14.925013720788773,11.774840758612116,1.0224675519920576,1.0121719716143807,0.6050277058504875
0.4,13,0.9788788688766206,0.5808470164197036,0.5210090467137078,0.5218477979832802,0.5699428366204771,0.566334239951647,0.734641391137546,0.7150442862971289,0.5579204875047608,0.32991021653658825,14.899772414364758,11.75559293216008,1.0016098593198386,0.9936684936857395,0.591321207815967
0.4,14,0.9794193863371765,0.5828879676339843,0.5238953436353644,0.5287917737789203,0.5734216481095743,0.5775530839231547,0.7367238680899248,0.7299184853614479,0.5616715839534986,0.33607907742998355,14.921792805722514,11.815058971030068,1.0093461990129156,1.0072048828766769,0.5983551367587219
0.4,15,0.978672127667545,0.5788922155688623,0.5188644338118023,0.5261615377984656,0.5700826792882392,0.570130263556498,0.7406785916005918,0.7131918716378078,0.5579646406895945,0.33004033436604896,14.880849740734684,11.777595787301673,1.0140636041153481,1.0000834690650806,0.5915076158914812
0.4,16,0.9793516957091999,0.5767724442659169,0.5193745057524043,0.528684599982589,0.56839059890241,0.5769230769230769,0.7392775687604695,0.7322485631708053,0.5566444188050416,0.3333725305738476,14.873283239079162,11.884179077547037,1.0179255895833728,1.0150116452262643,0.5988967450522621
0.4,17,0.9794401193475999,0.5768035899206075,0.5203194798213165,0.5318457724202788,0.57117969512653,0.5790208395652607,0.7420471306773775,0.7285016736834882,0.5595162785223544,0.3349097410461964,14.893670444891844,11.747339545136489,1.0221523372581023,1.0137279817641167,0.598570146932402
0.4,18,0.9782491641518176,0.5799175237243503,0.5211464120222217,0.5293865661411926,0.5700906570764966,0.5744830355350331,0.7369445080538299,0.7230661308293151,0.557787323881713,0.3328099558036753,14.924747941670095,11.70830942043415,1.0158115913856078,1.0077047017066745,0.5966610239322192
0.4,19,0.9781907310607008,0.57254630088145,0.5290455370611848,0.5457533298737243,0.5799114090745839,0.5899919289749799,0.7422437460647792,0.7197987746716561,0.5672961499048456,0.3378198833111894,14.891475689959,11.754220509095266,1.0315810107866143,1.0173828618348488,0.5954912321683358
0.45,0,0.9787399014531902,0.6165911467410248,0.5170708645319567,0.5376726156827909,0.5655743823244009,0.5806814981695297,0.7376260810072182,0.7161866531667108,0.5536638120012861,0.3596511627906977,14.916404379110137,12.279479264648097,1.039843187005871,1.0267111034680203,0.6495840165003637
0.45,1,0.9794986615965777,0.6182088811709253,0.5142069035973795,0.5265650080256822,0.5626190654766369,0.5755117441750778,0.7342175226773728,0.7282659146053746,0.5510386977345517,0.35468868089064587,14.91179743274189,12.119229765162386,1.0240333304392564,1.022915467124312,0.6436729078172795
0.45,2,0.9793863434525373,0.6123631680618158,0.5246171726331116,0.5222033487017714,0.575748059755058,0.568399129035312,0.7458253664474354,0.7226058464030629,0.5637766681797549,0.34909006337577764,14.912330529405036,12.140263018829424,0.9953988850208145,0.9872358567341546,0.6191992025900468
0.45,3,0.9782497473077355,0.6134153101849519,0.5187641911370768,0.5320407492605981,0.5693147815679234,0.5792212798766384,0.7406950820889748,0.7273307598655798,0.5569329391446887,0.3539875132524443,14.920138322964698,12.038679298448562,1.0255926649339855,1.0174007396776736,0.6356016826659268
0.45,4,0.9787210144023164,0.6167731467396815,0.5208043763787761,0.5251561986188754,0.5707858428314337,0.5731930908038213,0.7351324531107746,0.7256066742810654,0.5586214994422591,0.35266876447188744,14.88105819707873,12.065387829407575,1.0083559632704282,1.004217427609007,0.6313197125853557
0.45,5,0.9791096275737914,0.6132127329968518,0.5124875507546158,0.5160948577948008,0.5625524266027562,0.5672893633244377,0.7385891677590117,0.7427212939026645,0.550739089629282,0.34813125109668364,14.904058593306475,12.103678395753727,1.0070388188647186,1.0084204360299143,0.6321164733939997
0.45,6,0.9803649543807024,0.6259407040759635,0.5261795790359387,0.5429678044057129,0.5753148990087202,0.5920045364332294,0.7389841567836303,0.7278622517390808,0.5642131423141583,0.370256531504906,14.918300102359611,12.237629928789971,1.0319058854403538,1.029009569286778,0.6562352127890425
0.45,7,0.9789212802443329,0.6217521154803385,0.5171531960054726,0.5257385317428549,0.5672883744640019,0.5754948162111215,0.7432163334705449,0.7268780367793215,0.5553647438720094,0.35674222949287215,14.871361501342037,12.240306829897802,1.0166011460505244,1.0144660848283262,0.6423566375597796
0.45,8,0.9787581699346405,0.6154778131152506,0.5293682855650002,0.5243602362204725,0.5793455023844762,0.5696934644303066,0.7382143669382033,0.7155719331331629,0.5670119685131536,0.34986976083353066,14.902065747569226,12.219356806436451,0.9905395742792137,0.9833397550952865,0.617041227103153
0.45,9,0.9791820445133927,0.6136092319936332,0.5291374397894387,0.5447470817120622,0.5792632605596819,0.591670610506389,0.7368402384362941,0.7255583528387496,0.5672451033692346,0.3641712787649286,14.90960428019825,12.075668954046408,1.029500165266769,1.0214191901877554,0.6419998632017807
0.45,10,0.9784306387225549,0.6112200271452269,0.5241549897362012,0.5264413191874332,0.5738045427375972,0.5742028985507246,0.7370383369362696,0.7227372530797436,0.5614873954494941,0.3511996217941142,14.876266288095584,12.183551721280157,1.004361933962286,1.0006942360742332,0.6254808650031479
0.45,11,0.9781888217711577,0.6173670305568018,0.5267403950648852,0.5320952765442067,0.5753728214649338,0.5822293716881151,0.7345146522224275,0.7336738315938669,0.5627590246759904,0.3588592091449901,14.879691849645749,12.123571542272217,1.0101660733247197,1.0119167085538103,0.6376782839717302
0.45,12,0.979175769984644,0.6174052536595147,0.5214264767757647,0.5387301071776551,0.5718685985137337,0.5885103540414162,0.7409228938759415,0.7322651108786253,0.560052716356714,0.3634916892608747,14.930841337020793,12.310704496240351,1.0331851779159493,1.0291006632833728,0.6490312048220763
0.45,13,0.9792130753635522,0.6182902584493042,0.5148316186337785,0.5133440514469454,0.5641858515702183,0.5610009442870633,0.7387685111837736,0.7237601000433862,0.5524109629195368,0.34613143789326495,14.894132981850968,12.31296999949202,0.9971105753162934,0.9943548614799699,0.6265832163502552
0.45,14,0.9796936498784126,0.6195879366975217,0.5167865093784385,0.5274698795180723,0.5662062146046205,0.5756199129282604,0.7382627081764288,0.7233314665917558,0.5547286685161537,0.35621412674241537,14.924413306964519,12.113403250187055,1.0206726954859622,1.0166259184036217,0.6421411889442351
0.45,15,0.9787300477106388,0.6134072077468304,0.5187269502188533,0.5255919928391244,0.5686617611868868,0.5705287268562703,0.7389484170944794,0.7173915128529404,0.5566160647626297,0.3493659049734089,14.905991536422283,12.20640994454127,1.0132344051477848,1.0032830863560913,0.6276604774646539
0.45,16,0.9794841001776377,0.6141673322683706,0.5255945234871899,0.5308461350890027,0.5752491371711165,0.5829193733282384,0.7391249068254611,0.736445885683526,0.5636198618105165,0.357511131942817,14.892197600357479,12.187860148660109,1.0099917547979185,1.013333763862457,0.6343125148116386
0.45,17,0.979286018062192,0.608885796640493,0.523719504406693,0.524322559582109,0.5741348560466406,0.5718092700104692,0.7394934957664587,0.7262283596990736,0.5622779979451049,0.34944454138312103,14.90085868035178,12.152972222489513,1.0011514850417862,0.9959494080324877,0.6214800199548929
0.45,18,0.978793189784677,0.6134432907745044,0.5159747269332106,0.5278587625526401,0.5652571325821146,0.576700502798596,0.7399698558041123,0.7337182394809378,0.5532773059943386,0.35332752106945653,14.881987357427944,12.161611074732253,1.0230322048718634,1.0202445392669486,0.6386083745735126
0.45,19,0.977985966053359,0.6106150793650794,0.5310337771297753,0.5282696994313566,0.580960081454197,0.5744030563514804,0.7413239916440126,0.7156614654707031,0.5682067804056528,0.3503845257515731,14.906711040752068,12.168882288541875,0.9947949117034354,0.9887134670487105,0.616649673735726
0.5,0,0.9787781108505061,0.6556415438458126,0.5232005330804619,0.5347718216675438,0.572847483095417,0.581862874198929,0.7382577057513222,0.7233878495974363,0.5606983174491117,0.3817092835752131,14.932199605003564,12.49808754492955,1.0221163547348726,1.0157378558334529,0.6807747975984547
0.5,1,0.9796504369538077,0.6466094077698992,0.5125653115840448,0.52668159703452,0.5614665170220726,0.5738239825976615,0.7350535817921916,0.7257089994014919,0.5500579085484746,0.36962867818776274,14.908710086474962,12.538404578092774,1.0275404619303048,1.0220092653808297,0.671981390401532
0.5,2,0.9787018635869361,0.6497312898089171,0.5283322478065975,0.5322815348089147,0.5783750635675611,0.5790513833992095,0.7402208218115187,0.7262629788465218,0.5659899591633611,0.37607934655775965,14.905856227659255,12.526200143525847,1.0074750065299116,1.0011693447284478,0.6644629298966278
0.5,3,0.9786880535671901,0.6471176941553243,0.5188338460360211,0.5271419733993196,0.5672890216579537,0.5766787658802178,0.7381501514202313,0.7297682418425229,0.5551819909369975,0.3724432983648831,14.923584323874838,12.525255672510252,1.016013078997783,1.0165519582854288,0.6708490268862994
0.5,4,0.9788400764455325,0.653507885159725,0.5185738167247298,0.5192977028385799,0.5681743297888273,0.5665461121157324,0.7359522973153365,0.7289437350818581,0.5561468320286158,0.371384542437174,14.880025972291389,12.561252393932778,1.00139591720697,0.9971342991266429,0.667781458149284
0.5,5,0.9786408738848084,0.6515408397327217,0.5127218329668082,0.5164549211694475,0.5630490181382102,0.5656023611483767,0.7404535460922753,0.7410503845928474,0.5510952653432516,0.3696084161309176,14.911176649021208,12.568197333060002,1.0072809230319648,1.0045348503023936,0.6706797161479979
0.5,6,0.9800179950513609,0.6617476120685298,0.5312854647233592,0.5269589124789981,0.5823348373024173,0.5745516195235121,0.7406983373987743,0.7253598267302936,0.5707382786189124,0.38129922425534435,14.932126868211844,12.617254503003192,0.991856445297983,0.9866344630608743,0.668080692218546
0.5,7,0.9797048893335001,0.6514288569144684,0.5114426844678163,0.5235830968632564,0.560063263753152,0.5716338812539298,0.7401518034770745,0.7253543415588815,0.5487879762566157,0.37203320472348883,14.89366840280172,12.597946883303997,1.023737581481047,1.0206594830434683,0.6779179224391835
0.5,8,0.9797002419012943,0.6485571334714711,0.521114929362352,0.5248967505649498,0.5701339225727466,0.5694368507381082,0.7368592495809277,0.717053600112859,0.5585099381334737,0.36878135143110063,14.906221774180748,12.505897904404478,1.0072571730140705,0.9987773542197018,0.6602950569931821
0.5,9,0.9789023199939936,0.6502734957732471,0.5290305261543181,0.5326145140322704,0.5809412399892019,0.5816893830703013,0.7452119087807022,0.7266049302204253,0.5687354094172576,0.37862604330823557,14.912457476906035,12.651794493408662,1.0067746334110537,1.0012878119672022,0.665733198669987
0.5,10,0.9784730195177956,0.6456045333734517,0.5239455660846608,0.5343327637098026,0.573917855753986,0.5796391986220651,0.7371842301727302,0.7207503266210802,0.5616035360927346,0.3736559139784946,14.891758833545328,12.53999197131586,1.0198249556776733,1.0099689229228854,0.6653375378975441
0.5,11,0.9777897344778398,0.6544929843765549,0.5238856967354721,0.5323855861334955,0.5729130792842704,0.5813891599396789,0.736235031735732,0.7354333013920197,0.5599590223913362,0.3815789473684211,14.898547105818041,12.505378647752096,1.0162247021649748,1.0147947061463451,0.6814408414009777
0.5,12,0.9788526799081745,0.6533105424563873,0.5232037931605847,0.5320507887649096,0.5736730487768452,0.580723761393376,0.7416731526069584,0.7219652248188202,0.5616117901631674,0.380701650594569,14.923651974681762,12.703376209691722,1.016909272677252,1.0122904721279202,0.6778733232861122
0.5,13,0.9788927768057986,0.6535330836454432,0.5233049495091343,0.5231909528539772,0.5729948326218828,0.5693698532044397,0.7368893198803597,0.7162130896057749,0.5607821867808088,0.3724893131112022,14.881373196312419,12.579966296517007,0.9997821601816226,0.9936736263382061,0.6642317140091255
0.5,14,0.9792253300794693,0.6549253432207636,0.521758578822928,0.5086833448091195,0.5713751141313296,0.5583550796364618,0.7402990732310127,0.7355810543872505,0.5596065323833818,0.3654944925487424,14.914124174061435,12.624631601236675,0.9749400689427937,0.9772128078860026,0.6531276377208999
0.5,15,0.9789517024541791,0.6467350512884663,0.5266625882592848,0.5325338491295938,0.5767620585508807,0.5798380493130744,0.73965633878221,0.7209918014146575,0.5645397336455437,0.3739365135246142,14.880705755047336,12.52153622111338,1.0111480500061996,1.0053332058109408,0.6623741275213711
0.5,16,0.9789854437588396,0.6505023376106635,0.5216702037894091,0.528480770701124,0.5706765567984686,0.5781642165650771,0.7384859209767999,0.7324050617098187,0.5587442895630783,0.37565521258008155,14.902542190245683,12.534475366539667,1.0130553113101783,1.0131206717314878,0.6723204506910181
0.5,17,0.9782018054564349,0.6488681955520332,0.5257526110997338,0.5343511450381679,0.57635645527039,0.5773002853067047,0.7374734094902509,0.7159006242219941,0.5638829302694602,0.3751231099009327,14.924576859365198,12.529026111113588,1.0163547146640857,1.001637580403037,0.6652499832220038
0.5,18,0.9785918946986475,0.6485370222929936,0.5193832148519408,0.5208317348269776,0.5684093770609748,0.568692681172451,0.7372425889705918,0.7316227114696043,0.5562367988735039,0.3688691899457631,14.908234976122472,12.556133571304356,1.0027889233491107,1.0004984156189347,0.6631513605227136
0.5,19,0.9784118640886053,0.6445974051698524,0.5258506011767715,0.5318429745717139,0.5755712169502177,0.5836575875486382,0.7381773133560955,0.7341614523176694,0.5633155158526763,0.375852223063924,14.914260806544302,12.547131723286943,1.011395581523597,1.014049296351662,0.6672143984796978
0.55,0,0.978245359302049,0.6887463324879407,0.5279771729812035,0.5343682310469314,0.5782839650670748,0.5814326744382498,0.7402725899382876,0.7223424111522787,0.5659529473962464,0.4012709147087973,14.896899495887006,12.960752322596749,1.012104799966334,1.005444919038711,0.7090181552281084
0.55,1,0.979233906277365,0.6874783211932015,0.5175655995298807,0.5169381577050598,0.5672324347017723,0.5666977216905226,0.7389694935884298,0.7322348074492229,0.5556436806932511,0.38878558977338756,14.894098378344866,12.932353380542953,0.9987877057026379,0.9990573299787928,0.6997030710190344
0.55,2,0.9790082065652522,0.685290027810886,0.529479414245189,0.5258352054496702,0.5800913105306489,0.5752724795640327,0.7407086059109614,0.7349210986031278,0.5679176986092589,0.3933853499475952,14.933757708022172,12.936918925493043,0.9931173739762597,0.9916929785377959,0.6926802086128572
0.55,3,0.9787494687367184,0.6807045556608952,0.5232828424736264,0.5254361530567365,0.5734335914680727,0.5706311721769,0.7404352134440177,0.7225618591046725,0.5612602442492927,0.3886192174980993,14.900362430184913,12.824681401550768,1.0041150032225996,0.995112913974924,0.6924046758699123
0.55,4,0.9794390657750275,0.6839033796813153,0.5142540507490064,0.5116865771314091,0.5650183972000359,0.5587367690439008,0.7423093493440955,0.7262720621921085,0.5533404619959279,0.382082468110353,14.900764034709692,12.935789673998649,0.9950073828026093,0.9888824360635621,0.6905015887183844
0.55,5,0.9789097542386647,0.6832840162495611,0.5154118112547703,0.5214327657075749,0.5642735400532249,0.5697105059702775,0.7367224080876507,0.7307673163648595,0.5524701749249799,0.3895905539564119,14.928854138915492,12.958625093734726,1.0116818325100982,1.009635337351703,0.7051793411459987
0.55,6,0.9792080072884296,0.697315674633379,0.5357948534940926,0.5437345364575753,0.585421888053467,0.591644775866452,0.7387076368094843,0.7279769731090558,0.5734200336085337,0.4140916908842892,14.937294761017908,12.92486665107126,1.0148185129284193,1.0106297491432652,0.7221437456211797
0.55,7,0.979437242965537,0.6872998398718975,0.5144727773949,0.5224608663997088,0.5632684196356457,0.5695641047513436,0.7379137584943322,0.7302101406743366,0.55165897604922,0.392280124552024,14.89919248448236,12.92518175472983,1.015526747683828,1.0111770603432202,0.7110917098845938
0.55,8,0.9792731261061396,0.6871137676020667,0.5197719260286874,0.5198673055657943,0.5699298612147441,0.5685274801244383,0.7398263057355647,0.734203266566061,0.5580623949733323,0.39037560078324335,14.907564682293597,12.959881343763684,1.0001835026717116,0.9975393795171273,0.6995196313163117
0.55,9,0.9787529388224702,0.6849997509091815,0.5245128729317063,0.5312727272727272,0.5745276941285751,0.5772495755517827,0.7392540386993076,0.7232104228969345,0.5624523320621884,0.39548679772013495,14.908754885978086,12.957483041899842,1.012887871184624,1.004737598293388,0.703147227197215
0.55,10,0.9793733290022738,0.6817749762369303,0.5239887231952648,0.5328001174053419,0.5732567874656141,0.5813573883161512,0.7396079498374359,0.735032013386159,0.561438444418414,0.39570785334190983,14.888956459308417,12.850342419707479,1.0168159996962254,1.014130841583839,0.7048107540120768
0.55,11,0.9778216485699649,0.6854899214725154,0.5266682000562243,0.5282743524261219,0.5763473053892215,0.5764374680088722,0.73703701908454,0.7305883493743914,0.5634256278171281,0.39498450926521306,14.90026601848791,12.934147451176528,1.0030496475194934,1.0001564379998096,0.7010410775872867
0.55,12,0.9784296377524954,0.6860758217382537,0.5227718484933391,0.52604893820266,0.5722489037377323,0.5763810841186133,0.7406966689557339,0.7281037014093337,0.5599550483084736,0.39540952493920883,14.90060108504436,13.00432573221148,1.0062686805319865,1.0072209494048674,0.7061451202800509
0.55,13,0.9789116242936083,0.6913195988340497,0.5287747683170344,0.5247623811905953,0.5784242970981808,0.5728496196606202,0.7344698823015903,0.7277507948358013,0.5662663016279549,0.3971832618523241,14.909187327774307,12.872027605884215,0.9924119164399435,0.9903623041674988,0.7014072013652672
0.55,14,0.9795754905887064,0.6879258517034068,0.5183207277187244,0.5215934746194741,0.5688407425720322,0.57221269296741,0.7418622273975637,0.7318960769194454,0.5573171268771744,0.3946527859931385,14.941076737743936,12.977712601758816,1.0063141347156885,1.005927758233581,0.7081296571747291
0.55,15,0.9785537154036911,0.6814506002310513,0.5249344166263403,0.5374806515810422,0.5766642741790777,0.5828151986183074,0.7433052280217799,0.7195390069997297,0.5641787114518111,0.3966267042783263,14.893235045660102,12.840336039406788,1.0239005760668813,1.010666387211148,0.703016076692578
0.55,16,0.9785345021353113,0.6829231617462784,0.530211962278116,0.5286605504587156,0.580803397840457,0.5792382761896537,0.7403436444002598,0.7372315574163191,0.5684093437152391,0.39522687094873304,14.894961824998312,12.878123262863467,0.9970739780884337,0.9973052470825365,0.6953208551524678
0.55,17,0.9784731163976848,0.6797548457820519,0.516640901483308,0.521477789180472,0.5663780340078065,0.5667981478305608,0.7424533638045172,0.7221308869868294,0.5542838743670052,0.3854676930254257,14.906899046992658,12.900524579511918,1.0093621849978913,1.000741755148556,0.6954337133939384
0.55,18,0.9777627695232378,0.6875685922378529,0.5172682851953235,0.5202060509323079,0.5661012889414512,0.5682550449381041,0.7388964003210813,0.7344359553259393,0.553684642077983,0.3908555432437161,14.886062514631089,12.931023383727302,1.0056793849943362,1.0038045417643902,0.7059172560337452
0.55,19,0.9778620413475497,0.6798063623789765,0.5281229603655025,0.5309548030809476,0.5775579533380225,0.5835322195704057,0.7405199717557548,0.7424647589263671,0.5647783647725111,0.39707673568818513,14.888078743432848,12.920549078685154,1.005362089755547,1.010344011709742,0.703066477852998
0.6,0,0.9781001813520105,0.7226865671641791,0.5175566467188379,0.5280187250447473,0.5665744410379122,0.5750484183344093,0.739423678266479,0.7275140248296357,0.5542567043642376,0.4153406772745818,14.91625389068212,13.269778473917322,1.0202143637652727,1.0149565117709398,0.7493651840459017
0.6,1,0.9794132334581773,0.7231324214640013,0.5153025455379792,0.5161089170650592,0.5652108839464783,0.5646792330717579,0.7369709654733418,0.73572770130492,0.5536106957516053,0.4090962372523737,14.889657700057027,13.240423498592984,1.001564850657274,0.9990593760845363,0.7389601400257764
0.6,2,0.9798348761571178,0.7176897821112327,0.5253166173016035,0.5285229084355721,0.5758587143605478,0.5767328739359546,0.742977588840336,0.7324066201585596,0.5642221342366519,0.41430318560363405,14.907244413520578,13.318055007723496,1.0061035402809804,1.0015180105008525,0.7342909121496157
0.6,3,0.9788102181558757,0.7154120797381731,0.5146667689632244,0.5193733971026547,0.5633712234519892,0.5664739884393064,0.7409748352661626,0.7188264768925867,0.5515337872465041,0.40488798370672097,14.894183154203352,13.172938059447905,1.009145001043902,1.005507496404068,0.7341127471593306
0.6,4,0.9791034336318557,0.7203932442651878,0.5222483033117313,0.5165511932255581,0.5723814377360753,0.5638201693104299,0.738675531837078,0.7281704881957323,0.5602717215880748,0.40654260993244046,14.921593172494955,13.201024644161835,0.9890911850741377,0.9850427217564783,0.7256168645815402
0.6,5,0.978277734678045,0.7215145785650313,0.5180732137832238,0.5198262188814564,0.5691732259808928,0.5718565298356408,0.7403089661220742,0.7410543162873545,0.5567457168885362,0.4133793749268407,14.948095022412856,13.29585747962732,1.003383701476151,1.004714388752429,0.7424922408690962
0.6,6,0.9794873073040639,0.725852417302799,0.5242057584895098,0.5243637383439669,0.5737309701325952,0.5746702711558942,0.740505220445044,0.7414428045527235,0.5619561256468187,0.4178331050092322,14.921459076896392,13.326283036238795,1.0003013699332726,1.0016371802677515,0.743533322158026
0.6,7,0.9799527269543903,0.7201537232980635,0.527655121366038,0.5310832351514312,0.577755493025205,0.5802247923114514,0.738771121947399,0.726108897175151,0.5661630976826049,0.41760947300545165,14.852923493260759,13.293993041773232,1.006496883374349,1.0042739520715187,0.7376133745113259
0.6,8,0.9787021796598334,0.7229073999191266,0.5222072163897666,0.5166410292266815,0.5729512362842706,0.5633102323685283,0.7399745817082879,0.731184501319955,0.5606641310708016,0.4061489624360708,14.924131883911697,13.217623463694023,0.9893410374495273,0.9831730812236892,0.7244068951947661
0.6,9,0.9787766230192974,0.7182031211048512,0.52558074161151,0.5365498090940646,0.575934964218343,0.5874989839876453,0.7408926313837885,0.7305836462187365,0.5637887825538962,0.4222702576386049,14.901465565079466,13.30515450749021,1.020870375594284,1.0200786902823256,0.748986625320516
0.6,10,0.9788474745582818,0.7180296652635799,0.5213991402074217,0.5276013678553981,0.5720464545481756,0.5752429166326447,0.7410185338281496,0.7292140081434595,0.5599290987929216,0.4139734398871783,14.87719930475507,13.266249426387562,1.011895354575209,1.005587766621146,0.7393318918048907
0.6,11,0.9781563728312845,0.7191954308418177,0.528352593388874,0.5323527380705753,0.5783663796982332,0.581756428918001,0.7372210727701614,0.7307261311710711,0.5656408601519641,0.41808566281164644,14.918224768189463,13.33747570658884,1.0075709757683675,1.0058614216502981,0.7391362475110519
0.6,12,0.9789242645316573,0.7192021704180064,0.5183128017631247,0.5325881942018861,0.5683634520188465,0.5817853033042907,0.7430735678016834,0.7317297242343335,0.5563436811302305,0.41760575845182607,14.917098876611,13.212100535498076,1.0275420410034275,1.0236149091532352,0.7506255083250811
0.6,13,0.9787015973801965,0.7207957321633345,0.5125794998850604,0.5206474372276406,0.5618670057595931,0.5698460535961554,0.7398673225738066,0.7307766144345397,0.5498975109809663,0.4096018735362998,14.906646013536946,13.261856197169093,1.015739875169392,1.0142009545938282,0.7448694808703679
0.6,14,0.9792310870191164,0.7252840766881914,0.5174252109434927,0.5217751397611982,0.5662650602409639,0.570303620717649,0.7357021473341937,0.7288254993628465,0.5544727123512515,0.4131380851564338,14.918079400284027,13.284175057513327,1.0084068745119197,1.0071319259481886,0.7451008425726026
0.6,15,0.9785085641626567,0.7185319074157754,0.5235049812724539,0.5323876738173433,0.5731960611448979,0.5784680435843227,0.7380221260299004,0.7227404292007626,0.5609499298081423,0.4155373831775701,14.87864154509782,13.231063419161412,1.0169677326150721,1.00919752035437,0.7407744632746338
0.6,16,0.9790076575052324,0.7183279108744948,0.526268626145732,0.5297831457589899,0.5756690341334771,0.5807385952208545,0.7381131509025192,0.7368692061717836,0.5636342297140677,0.4171530948390453,14.876720154499798,13.2780483255006,1.0066781856995684,1.0088063814219368,0.7401131316149261
0.6,17,0.9787737324939613,0.7151926987748624,0.5236365961255675,0.5330466745266662,0.5732223222322232,0.5817109621132563,0.7388619520245658,0.7371333330165413,0.5610766045548654,0.41662809534829903,14.880717129626355,13.253864001364526,1.0179706278566563,1.0148086345416154,0.742551181008223
0.6,18,0.9785625789980853,0.7225629518823236,0.5193620993938154,0.5244634600786695,0.5689443228495188,0.5747535154355907,0.7384612211803393,0.740396097719333,0.5567911739679,0.4169793621013133,14.876846915228025,13.264384162490032,1.0098223584100732,1.010210476408266,0.7488972196340039
0.6,19,0.977855579868709,0.7170129419348441,0.5311109406168483,0.5282849239280775,0.5803428400329366,0.5776155717761557,0.7382800139707397,0.7356351354953184,0.5675964565487956,0.4137330080167306,14.917149374225025,13.271350979690055,0.9946790463674339,0.9953005911873988,0.7289210551672329
0.65,0,0.9786301232588436,0.7541250864539077,0.5217469216394031,0.5270226007206027,0.570278656333848,0.5720614068586267,0.7354116143289001,0.7266242318903203,0.5582128970728486,0.43199907717153074,14.92283285252228,13.513270424245421,1.0101115672414946,1.0031261042386532,0.7738966251708682
0.65,1,0.9798013865467491,0.7554079032822101,0.5198373237461434,0.5245684809205741,0.5696297294464657,0.5740125222230811,0.7377408489416256,0.739259551996276,0.5580573239064746,0.43404056344613945,14.885253737015029,13.55432779538697,1.0091012263997055,1.0076941082075794,0.7777705709653598
0.65,2,0.9790618507671898,0.7555754234341628,0.5248053790793695,0.515842755719169,0.5754285201471776,0.5654729677469256,0.7445814177894792,0.7347018439296503,0.5631971892841459,0.4268947798668691,14.926926439393892,13.549826138377368,0.9829220055329406,0.9826988895202732,0.7579845709270593
0.65,3,0.9786692734769585,0.7533632286995515,0.5180114996990614,0.5240711669283098,0.5685956372814134,0.5725775564917656,0.7415625794743428,0.7311846277838961,0.5565227620279967,0.4321558651789328,14.919812111234963,13.580283010820546,1.0116979395877674,1.007003077317636,0.7765286429689512
0.65,4,0.979159135951737,0.7539259033389236,0.5194704347272612,0.5201213346814965,0.5692625157006999,0.5659202018609052,0.7374858856368501,0.7279901155662178,0.5572714630754593,0.426948245092207,14.89629800251827,13.547727062153356,1.0012530067367107,0.9941286950262646,0.7661405138816423
0.65,5,0.9787406990558369,0.756158496976965,0.5135245639813454,0.511200687239807,0.5644883082599631,0.5585822628076149,0.7398150455393765,0.7276127628240305,0.5522944396342985,0.42267377173976695,14.921304037472831,13.50377178497601,0.9954746532015502,0.9895373467157299,0.7653051369114637
0.65,6,0.979420170479364,0.7619721871049304,0.5303014857667117,0.5340456596761348,0.5795518874951584,0.5813953488372093,0.7390424635991633,0.7308580766040219,0.5676452563691015,0.4432362153537025,14.960176675906368,13.478730649768321,1.0070604627931785,1.0031808391652703,0.7808331178328316
0.65,7,0.978827259902875,0.757661148291652,0.5215733289119594,0.5243408381483695,0.5693880597014925,0.5738947039525074,0.7320336726990104,0.7327973975795772,0.5573590859947988,0.433528058063374,14.898796287737808,13.514212396175992,1.005306078902047,1.0079148906869904,0.7778254072768801
0.65,8,0.9792324887295978,0.7559556647775716,0.5173565944856786,0.5180123399455981,0.5659672963488389,0.56833475133421,0.7356382585519112,0.7430494027080161,0.5541502785372772,0.42930591259640105,14.897645356637602,13.5450981921556,1.0012674922227895,1.0041830243560785,0.7747102712455319
0.65,9,0.9784476299885121,0.7544967182724586,0.5175093800250135,0.514841622949731,0.5679191183059048,0.5618448637316562,0.7447756998098983,0.729096865603703,0.5556789455996025,0.42447351440136094,14.882027025653144,13.569384412976024,0.9948450073017933,0.989304366804259,0.763882665994003
0.65,10,0.9784150208484182,0.7571636473126914,0.5210978270577877,0.5234623541887593,0.5710636009143472,0.571881035148706,0.7397958965123144,0.7370474207345878,0.5587831120987077,0.4340662562298446,14.87471234333785,13.496490281506684,1.004537587777562,1.0014314241584477,0.7768063258024303
0.65,11,0.978099726246578,0.7533406461906661,0.527662402392424,0.5321993513799722,0.577660752221657,0.5813469104373987,0.7403773253895958,0.7315628558994958,0.5649820022826373,0.43857300820578476,14.899775831579833,13.517996444483575,1.0085982040163894,1.0063811816910961,0.7762601400289999
0.65,12,0.9789300247147814,0.7542385596399099,0.5222885267640833,0.5280816921954777,0.5716804638235558,0.5758212673205667,0.7408423633866159,0.7282255011265791,0.5599004829503879,0.43424914876130094,14.910609221087109,13.581686484184656,1.0110918872127765,1.0072432132266969,0.7755827365481649
0.65,13,0.9792091469745681,0.7557316586921851,0.521021500568494,0.5244344786651718,0.5718012534108968,0.5744845760347232,0.7388757096756287,0.7328264971107682,0.5599800311279476,0.4340849194729136,14.900802021451574,13.548759208047581,1.006550551355278,1.0046927540081803,0.775179283801517
0.65,14,0.9793503305950712,0.7592574109192535,0.5202219750150242,0.5226764821874589,0.5687792339764185,0.5734341252699784,0.7368603820025159,0.7365646405430423,0.5570418721735185,0.4355774301283178,14.914600276479488,13.573572968094542,1.00471819202248,1.0081840035913703,0.7819473757488655
0.65,15,0.9788719227173575,0.7541876892028254,0.5229848465554565,0.5396039603960396,0.5738380865590033,0.587700031377471,0.7401270651785453,0.7354843897081895,0.5616382272521239,0.4431038561627632,14.883185622130602,13.520527154925524,1.0317774290212076,1.0241565437065885,0.788948890339422
0.65,16,0.9789875,0.752143996808935,0.5291180939491056,0.5326483261518065,0.5797422502956189,0.5802182493615046,0.7417150430746083,0.7365113763277223,0.567718105065666,0.43599883687118346,14.85667441310899,13.628494616224236,1.006671917371702,1.0008210529172972,0.7679847321775178
0.65,17,0.9782200290566605,0.7530412422114529,0.5241917930990333,0.5250197005516154,0.5745499353830433,0.5735327963176065,0.7396218182681222,0.7292488513946894,0.5621076463929197,0.43349182419111676,14.872333018921756,13.547303268051206,1.0015793979674643,0.9982296768256379,0.7711900504696231
0.65,18,0.9784607302337799,0.7562824092540885,0.5246148929370406,0.5274261603375527,0.574087662289043,0.5777451963886102,0.7338920582282074,0.7410418714089786,0.5618377665420972,0.43712050443717887,14.896382350065814,13.481165825669327,1.005358725873704,1.0063710376303572,0.7780190839207789
0.65,19,0.9780362889592907,0.7561096269911942,0.5327443825619359,0.5394530227689086,0.5822171558848674,0.5857974567182472,0.7373666605496076,0.722892352635242,0.5695400190741692,0.4429448563484708,14.89762911254586,13.689784380970995,1.0125926061851864,1.0061494251709886,0.7777238499737236
0.7,0,0.9783795943362036,0.7886600508652072,0.5219001877706388,0.5302560859943092,0.5709090364871741,0.5789824483448123,0.7375368755196172,0.7296322014305677,0.5586357379257827,0.4568189786140002,14.916153655959041,13.796127825069012,1.016010529253426,1.014141327850255,0.8177403406201175
0.7,1,0.9801981436541493,0.7905902225755167,0.5209484551870238,0.5227801168855652,0.5707988485066571,0.5715759227878877,0.7359568340560352,0.7328939869940385,0.559573154599171,0.4510727367870225,14.916370389734054,13.74114442174185,1.0035160133028591,1.0013613802537682,0.8061014597995347
0.7,2,0.9792757143930476,0.7915818732317467,0.525146094139611,0.5217582141961374,0.5743125028038222,0.5711237029950695,0.7394172859360385,0.7356223556999495,0.5625769027948673,0.452193672434889,14.908711427287148,13.826205361141946,0.9935486905810007,0.994447622517036,0.8037899710926679
0.7,3,0.9788955549153944,0.7870425321463898,0.5238369415016122,0.5213019982405429,0.573592878978601,0.5712600457126005,0.7397405164787249,0.735684407748167,0.5614521452145215,0.44858730893932375,14.895313025547178,13.787734385278485,0.995160816161986,0.9959329459072878,0.7989769257501474
0.7,4,0.979126661512756,0.7897617840851495,0.5209872141001477,0.5164292131947118,0.5704695979786805,0.5671799516908212,0.7356243364584405,0.7364368785419487,0.5584959236545133,0.4487041681595605,14.882751101085011,13.810128596532318,0.9912512230970802,0.9942334415374364,0.8034152966121375
0.7,5,0.9786688672993485,0.7913794825691739,0.5127314075455788,0.514673398548438,0.5629102352764873,0.5623336291038155,0.7403960025342704,0.7316415542108045,0.5509144508161858,0.44512730465320455,14.89261613479106,13.89541758532973,1.0037875405607692,0.9989756694113252,0.8079789956385125
0.7,6,0.9792898670060134,0.7953006568974229,0.5280785792544653,0.5253828070398373,0.5774746466917842,0.5724648408586233,0.7396905884987303,0.7344774603263157,0.5657635575786756,0.4563908887052992,14.948059752853359,13.87941905374158,0.9948951305344862,0.9913246306797001,0.8066813116393292
0.7,7,0.9794293712586075,0.7911658653846154,0.5173469778361894,0.5215850107608558,0.5664858240296522,0.5715872075806929,0.7380989045667021,0.7379210508280392,0.5547700594244899,0.4524465279812482,14.898275375421559,13.822562105083843,1.008191857894661,1.0090053154635934,0.8155568605317479
0.7,8,0.978979053994979,0.7916604094708916,0.5192651186527175,0.5144483085678153,0.5692947174832912,0.5614294152392203,0.7402945902521099,0.7333710920949655,0.557238613745463,0.44449640498041737,14.930869508580937,13.746732216526919,0.9907237942394439,0.9861841292347812,0.7976769628234264
0.7,9,0.9780546633840309,0.7886235604965353,0.5252680134421999,0.5313863076047791,0.5757970558725309,0.5837238711597114,0.739738805683073,0.7324690343640727,0.5631966720862446,0.4595069391579317,14.89456942184243,13.795130011472079,1.0116479473449842,1.0137666825600011,0.8158907215409923
0.7,10,0.9789749345304901,0.7904699409419009,0.5236038927952715,0.5225415070242656,0.574198459609529,0.571813890761969,0.7427055535954782,0.7353448772077362,0.5621246438226054,0.45261534812003323,14.889306936800223,13.705823169352618,0.9979710124664384,0.9958471347185752,0.8051868088225448
0.7,11,0.9783497804960414,0.7873282898666136,0.5293395719874204,0.5313863076047791,0.5790341684283122,0.5810200607002739,0.7369847701448761,0.7368389327749755,0.5665395335191433,0.4568684516880093,14.88075313507041,13.734413110695252,1.0038665834289966,1.003429663360544,0.8064193664475698
0.7,12,0.9787390486160442,0.7890518675336459,0.5205831794741198,0.5230611984157404,0.5704394538536148,0.5721475249755877,0.7403332988779461,0.7315623219899883,0.5584480088818768,0.4518061569488107,14.925537205785146,13.809604451956162,1.0047600826137406,1.002994307477216,0.80903888949916
0.7,13,0.9792342066065014,0.7922498381232256,0.5207459862971674,0.5213127121840815,0.5700970990170223,0.5688215736978205,0.7366377628539805,0.7243522697687563,0.5582439511100025,0.4501549435771502,14.908025943691236,13.808910079005338,1.0010882962170171,0.9977626174183291,0.8063767510280586
0.7,14,0.9799266647477692,0.7911664665866347,0.5224320907244934,0.521211354871341,0.572306725894019,0.5743464052287581,0.7380435127042532,0.7448233933040563,0.560938782690278,0.4547486033519553,14.931284515756754,13.802545202569128,0.9976633597460303,1.0035639618450278,0.8106920351824639
0.7,15,0.9789200906984278,0.7890628959505347,0.5226283503448979,0.5359367974821762,0.5732984684348151,0.5846465556055831,0.7391614344787372,0.7324193152421973,0.5611407678244973,0.4610059171597633,14.89462420079344,13.74962761539043,1.0254644569673568,1.0197943790112503,0.8215512819484678
0.7,16,0.9789148334459544,0.7909000497265042,0.5305960705109358,0.5381326626846904,0.5807378582653596,0.5876773766634806,0.741222975742474,0.7387395943108758,0.5687107932227238,0.46489850520560694,14.886494332573868,13.81468150379361,1.0142040105319612,1.0119494851237167,0.8174603168178999
0.7,17,0.9789975954313195,0.7860758237395792,0.5216000818717939,0.5237674389243103,0.5716988214098041,0.5727406318883174,0.7382746202609886,0.7409465381764074,0.5595920406783647,0.4512039824033341,14.905762838282211,13.772655152843662,1.004155208420863,1.0018223065003775,0.8063087921271409
0.7,18,0.9787593561468947,0.7895782623814018,0.5175518242387815,0.5201006605850896,0.5666103039099792,0.5682722050375607,0.7376112696548015,0.7388532428215868,0.5545937870732458,0.4491791826755152,14.889367196212863,13.811613699834783,1.004924794439778,1.0029330584285412,0.8099246568303002
0.7,19,0.9784397588854706,0.7890286964738649,0.5241059331782509,0.5222817522849039,0.5736077734823948,0.5739863865048831,0.7406409633646653,0.7417792903883463,0.5614481065918654,0.45344555497106787,14.907649090406425,13.824793128425933,0.9965194423915698,1.00066005559895,0.8076357363169309
0.75,0,0.9788244706117653,0.8222610431744447,0.5231533510420924,0.5255554206628626,0.5731148326792295,0.5705386847879946,0.739714505989085,0.7235203606314125,0.5612604154441967,0.4703548085901027,14.919733180945949,14.090946191296844,1.0045915210444232,0.9955050057260049,0.8380331048606932
0.75,1,0.9795666329852925,0.8265439549386442,0.5080292900350207,0.5102525098874353,0.5573941874010574,0.5600568585643213,0.738809916270635,0.7442175411075098,0.5460024870163119,0.4624413145539906,14.891988699264914,14.065888166309861,1.0043761647133798,1.0047769984392536,0.8469582566941222
0.75,2,0.9793332082316882,0.825081027175268,0.5306005135214542,0.5228138031063032,0.5801249476893645,0.5712664870231173,0.7398654501473896,0.7325672814977295,0.5679856009833475,0.47113866307971225,14.944475483988692,14.015940589408821,0.9853247212983782,0.9847300815082503,0.8294905051537131
0.75,3,0.9781437836621971,0.8253667298672788,0.5259473132841046,0.5293193084270342,0.5757779974241471,0.5772917702194135,0.7399686977878659,0.7245365786876081,0.5631279842985617,0.47613469985358714,14.890565825083325,14.014425300606707,1.0064112793387503,1.002629091076836,0.845517738648108
0.75,4,0.9791224698629795,0.8239152371342079,0.5129809714380393,0.5087568891610533,0.5633756485593385,0.5583829116192388,0.7401448649047088,0.7362946195910752,0.5514606873133892,0.46021149642582854,14.895680751203251,14.056561809391772,0.9917656160517131,0.9911378190504557,0.8345318297626814
0.75,5,0.9789434198186934,0.8248313764676493,0.5138138483350577,0.5144466654552062,0.5630870170918405,0.5627263045793397,0.7382177152559287,0.7380066920430062,0.5512295983458713,0.46435057706954125,14.91773759525705,14.062721005940501,1.00123160775483,0.9993594018303534,0.8423905001889659
0.75,6,0.9796300456826181,0.8278035498184751,0.5263996126697755,0.524395443747335,0.5761813280912598,0.5726064396900988,0.7403435876811003,0.737573595359837,0.5645537850930952,0.47477604903347476,14.933858843223168,14.091314879600048,0.9961926854157893,0.9937955497221619,0.8409757609811862
0.75,7,0.9794033735422193,0.8287041662503747,0.5234828158937013,0.5242630658870335,0.5734487820954549,0.5752890275906093,0.7386785433346991,0.7366909442151897,0.561586761340297,0.47599765258215965,14.88637550344469,14.060056503151708,1.0014904978151007,1.003209084320364,0.8475941481350661
0.75,8,0.9780367715799314,0.823810481842873,0.5259549086830736,0.5241467733072838,0.5765261867017617,0.5713065755764304,0.7379582388487689,0.7364518197557334,0.5638437911364633,0.47068480300187615,14.886490762069183,14.058246376653136,0.9965621855677378,0.9909464457196783,0.8347787284367906
0.75,9,0.9792544084382069,0.8179147580163314,0.5217657643860791,0.5277287392707128,0.5731506192089718,0.5762192951228196,0.7448333587185203,0.7294099062058832,0.5612273361227336,0.47159256453586623,14.886034520436255,14.059342091004062,1.0114284517912935,1.0053540479779695,0.8402879442649506
0.75,10,0.9789227751471158,0.8272303761959625,0.5237390238921789,0.5291873561826329,0.5734134996485245,0.5789211854168147,0.7383815643069237,0.7369624190843391,0.5613734534006882,0.47852904893379544,14.890962515205578,13.959027950464266,1.0104027617609332,1.0096050856348275,0.8524255039759399
0.75,11,0.9780078105442347,0.8236780811734972,0.5246560440263647,0.5235545394380603,0.5749434007526576,0.5732067510548523,0.7372742058247393,0.7409153534831654,0.5622809718617575,0.4725765306122449,14.916217378384852,14.023087278127706,0.9979005205394165,0.9969794423320072,0.8404633168494143
0.75,12,0.9785621697078473,0.8264091963295351,0.5219839005502344,0.5230309316088098,0.5727113807168791,0.5739657631954351,0.7424092360766549,0.7434398109346713,0.5607390502940403,0.47418974661166763,14.941799866958215,14.07928362300851,1.0020058684903341,1.0021902524042492,0.845651370923805
0.75,13,0.9791060070229809,0.8276864474739375,0.5168408826945412,0.5190141697953252,0.5668701193788709,0.5671599518515896,0.7367317340083988,0.7345949325595614,0.5550380102825504,0.4694092827004219,14.926382729570017,14.018912560827038,1.0042049442556742,1.000511285500524,0.8457245702172039
0.75,14,0.9790563463151438,0.8275552451738415,0.5213405278232406,0.5212176009644364,0.5706515224166866,0.571732350439467,0.7370111169634626,0.740705806502023,0.5588852526379126,0.4731069270924981,14.923823947698372,14.046293171194748,0.999764210046517,1.0018940246022707,0.8465188960693725
0.75,15,0.9791203298762964,0.8242952280807171,0.5173623961510484,0.525391811444539,0.5681440816143364,0.5743910233648178,0.743406912109082,0.7324764164470989,0.5561152027175424,0.47392476268604244,14.895877350361365,13.972711650243093,1.0155199051056396,1.0109953477518083,0.8522060903390812
0.75,16,0.9786244074495628,0.8264594540745168,0.5251271695508806,0.5352579556412729,0.5753090484599959,0.5867692742163231,0.7394521539571559,0.7395368714428812,0.5632628540448664,0.4857677245893974,14.88009706243106,14.053339809711966,1.0192920623380748,1.019920120823763,0.8624174683294556
0.75,17,0.9788072323926873,0.822429906542056,0.5289585683519639,0.5290071770334929,0.579353985360208,0.5734353268428373,0.7401278609900048,0.7249589589054124,0.5671051082862524,0.4729838247103361,14.905100520709743,14.079398881531988,1.0000918950640698,0.989784037623059,0.8340320300405273
0.75,18,0.9784652410438968,0.8240809277078707,0.5263899564437612,0.5232934131736527,0.5755626527521629,0.5693793296480302,0.7385190252858831,0.7303058391433774,0.5632905819857366,0.4694242529133495,14.892558744619887,14.097479809716683,0.9941173967470269,0.9892569070029719,0.8333607340966267
0.75,19,0.9782902137232846,0.8256243756243756,0.5246125739399282,0.5313691088390102,0.5739178474907799,0.5809281267685342,0.7409412735207386,0.737795413949051,0.5614519427402863,0.47964488055604226,14.88737063642746,13.972283133061127,1.0128790944683985,1.0122147783143596,0.8542937410012917
0.8,0,0.978404484260047,0.8574056580321185,0.5201283920304867,0.5246158306755582,0.5680125616868551,0.5724451070750881,0.735576005893888,0.7315850898738946,0.5559084389544243,0.4901357781130324,14.882055292099343,14.266899326584582,1.0086275594907506,1.0078036045102057,0.881684363408658
0.8,1,0.979740032495938,0.8617622070068469,0.5147405886029928,0.5152235689845155,0.5643691746083991,0.5658735554044867,0.7380547085339969,0.7462549412339042,0.5529934326257769,0.4876105676293129,14.900082663866078,14.234673420430532,1.0009382986152957,1.0026655970307583,0.8817655669326726
0.8,2,0.9783814162607718,0.8638669814638067,0.5338337226668709,0.5283479676687795,0.5843075539568345,0.5787643207855974,0.7402696910377714,0.7403380667065979,0.5714851136813405,0.49964676792652774,14.895993921794101,14.407675128421808,0.9897238507700744,0.9905131584664629,0.8742953332728983
0.8,3,0.9783656246879058,0.8574506463573505,0.5190695537890291,0.5253900543446502,0.5683932330939334,0.5749845286392079,0.7388098301744439,0.7325389539835042,0.5561773128396937,0.49336244026196235,14.920334961530143,14.3343781561766,1.0121765965841836,1.0115963652652866,0.8870596280581541
0.8,4,0.9787892785358485,0.8601679995976057,0.5204331522155047,0.5156423600959008,0.5701158370498968,0.5644192711887539,0.7377118374990429,0.7369221629847987,0.5577534078097776,0.4856153123532175,14.877748213857528,14.284634975684398,0.990794606186771,0.9900080553969169,0.8706631022841498
0.8,5,0.9784747309341367,0.862902015705497,0.5184409213434342,0.520693252956179,0.5687717300083923,0.5679885722059724,0.7396734639597845,0.7274633727986088,0.5565608869075551,0.48979352416705774,14.917620375404233,14.256816245890874,1.0043444325477013,0.9986230718562465,0.8800358337944301
0.8,6,0.9797821928256167,0.8613361336133614,0.5238508460733519,0.5306240928882439,0.5731461730089353,0.5812053115423902,0.7414534486095303,0.7381017911576169,0.5616348248088757,0.5007627317531096,14.947498126230116,14.298110610628799,1.012929723919819,1.014061227158066,0.8916162417875692
0.8,7,0.9798470726404958,0.8624314672300186,0.5226012113484221,0.5263035110229791,0.5727640637366904,0.5769389438943895,0.7391575723174493,0.7345592457016648,0.5611001389803233,0.49659702905841274,14.888492466816798,14.275859119490123,1.0070843687197057,1.0072890050581427,0.8850417145874695
0.8,8,0.9782399960096267,0.858162444712505,0.5241051397103814,0.5217875131779314,0.5744989747504228,0.5701273798109848,0.7415815962518352,0.7382696611582665,0.5619089445176402,0.48944676347815863,14.885958758404382,14.278362071529946,0.9955779358818523,0.9923905957511289,0.8710428411106976
0.8,9,0.9784447168914354,0.8588106711709473,0.5200163659843244,0.5304564123329669,0.5697984366108598,0.5790257104194858,0.7401623309016215,0.7302669980077435,0.5575990269493984,0.49828238719068413,14.910861650616319,14.241453422167424,1.0200763803440702,1.0161939261601163,0.8936213355980314
0.8,10,0.9784711660724525,0.8641806881916022,0.5260603126473099,0.5258141846459685,0.5761043306792548,0.5744797371303395,0.7398737687920699,0.7388380814202337,0.563700412196334,0.49612769731007983,14.874945810025688,14.281987133617172,0.9995321296904098,0.9971800358678091,0.8801265469667264
0.8,11,0.9772667723058879,0.8600290770541936,0.5248132780082988,0.529175167589624,0.5739838613269576,0.5786064903190619,0.738128186979788,0.7370590501203474,0.5609820215857808,0.4980633802816901,14.907139401999242,14.180267454115683,1.0083113171181166,1.008053587049325,0.8878419648347506
0.8,12,0.978440652634201,0.8600900035394651,0.5259868379179979,0.5277483833039388,0.5772746281139853,0.5801051466519093,0.7436542405872331,0.7437064714832555,0.565112504934427,0.49860277067602116,14.93318149351316,14.282489142290204,1.003349029403309,1.0049032443140131,0.88230709163634
0.8,13,0.9790376846397258,0.8615897997808547,0.5169462294160482,0.5193363778253078,0.5663225613405146,0.5695858791581806,0.7353485336132526,0.7366683077277593,0.5544115062393813,0.49058589638638755,14.881102095770478,14.256265672159879,1.0046235919197237,1.005762295272047,0.8848768304144189
0.8,14,0.979460189271293,0.8577138289368506,0.5184433552866697,0.5236486486486487,0.5678563955400113,0.5756227758007118,0.7378620545111431,0.739482324644096,0.5563234884980891,0.494270435446906,14.925247597140308,14.286399731676681,1.010040235464298,1.0136766624831528,0.8884586857572593
0.8,15,0.9793587725216782,0.8582598235765838,0.5251971115817408,0.5303083391730904,0.5753236270142605,0.5776477790626487,0.7400701345328575,0.7346968768538295,0.5634314156053286,0.49628893694114895,14.89670170303629,14.268614054738899,1.009732017710372,1.0040397298829005,0.8808329162972846
0.8,16,0.9794278286735574,0.8569502696225285,0.5193645122184649,0.5265396492454699,0.5682746489371218,0.5775627044711014,0.7398052039542652,0.7463600422808917,0.5566328393078777,0.4950633872758077,14.879654354199698,14.331879164689852,1.013815223909613,1.016344307372063,0.8893894724058573
0.8,17,0.9792999011301202,0.8556383507203179,0.5287479712200794,0.5206107756618672,0.5793579357935793,0.5715935334872979,0.7402899065469581,0.7475318481799264,0.5674154827145439,0.4894718473708702,14.889740369781268,14.288219769650908,0.9846104458057101,0.9865982636525966,0.8626339292491852
0.8,18,0.9784501088125672,0.8599640933572711,0.5254694430596567,0.5255741127348643,0.5750917396839661,0.5751239052209925,0.7379920909175972,0.7406983180690452,0.5628344009733359,0.4956699824458748,14.918769031129516,14.245770636303696,1.0001991926963405,1.0000559311407327,0.8806675313177188
0.8,19,0.9781065755379473,0.8634941135562069,0.5280401341216822,0.5282747511936949,0.5771929562082018,0.5793838063776714,0.7402581147805495,0.7408587370767089,0.5646561187301494,0.5006991377301329,14.890860786579,14.265975247463684,1.0004443167419519,1.003795698034609,0.8867328646967487
0.85,0,0.9785021673222921,0.8930798930798931,0.5173098097457302,0.5243875401840151,0.5673343420875219,0.5726124959533829,0.7444209113728344,0.7347361605697637,0.5552557880382986,0.5111252383979656,14.903380736850094,14.548780914551081,1.0136818020941143,1.0093034274047996,0.9205221258543836
0.85,1,0.9799897383273474,0.8974205756398765,0.5176605797471587,0.5151481522583509,0.5669366792938746,0.5646997592869689,0.7357415257285645,0.7452300416007738,0.5556713285687032,0.5067429505516959,14.869803358706976,14.55230500090732,0.9951465736679524,0.9960543741680433,0.911947269003357
0.85,2,0.9791205907710762,0.8966191813804173,0.5254338948443084,0.5248111888111888,0.5758890501338999,0.5730587618048268,0.7421184526155395,0.736006988729119,0.5636118716781118,0.5133356832334626,14.922803054085275,14.541731828567832,0.9988148727380748,0.9950853583196017,0.9107964346191721
0.85,3,0.9784696464476166,0.892362326814385,0.5268861121392743,0.5223922425872989,0.5781607647771644,0.570799947458295,0.7463012769084281,0.7384502055581188,0.5657195555750736,0.5098257757963278,14.904375202375817,14.498713137883875,0.9914708901061573,0.987268563058397,0.9011987844013492
0.85,4,0.9786982395856677,0.8943089430894309,0.5197873071198688,0.5123863636363636,0.5700376321605639,0.559643995749203,0.7417735394174778,0.7341056439606601,0.5578092120645313,0.5009214672136021,14.89962221244396,14.516499242791246,0.985761592516536,0.9817667539387411,0.8980157666446928
0.85,5,0.9782535253562893,0.8977255760712686,0.5224153588375989,0.5271648741545626,0.5745627885294958,0.5747693906716903,0.7425714881449585,0.7304410062509373,0.5618392224329848,0.51594845180477,14.900919058799763,14.481141908437507,1.0090914542166822,1.0003595814875572,0.9183204575332251
0.85,6,0.9794454768823977,0.8952977423102176,0.5327458645850578,0.5310278686674941,0.5833793196020821,0.578513486777023,0.7422747160885979,0.7337705658595762,0.5715225014611338,0.5178887708111938,14.944956116463976,14.526903928494258,0.9967752055308738,0.9916592298328675,0.9061563971447809
0.85,7,0.9803138266564813,0.8963505833084057,0.5220423857641062,0.5290616830746983,0.5714435444023538,0.577952961104958,0.7365324764022795,0.7363139298655095,0.5601955143259746,0.5175914580780676,14.868696174361304,14.50616045033479,1.0134458379281177,1.0113911807498186,0.9239478804124877
0.85,8,0.9786429338193074,0.8954796584630839,0.5294312717625601,0.530203600874979,0.5803925099027728,0.5776670382270015,0.7399169151454283,0.7342629836327105,0.5678758606515261,0.5176871547772947,14.915545630351941,14.467806817942666,1.0014587901274659,0.9953040888204642,0.9116202864889349
0.85,9,0.9788841437526535,0.8937149719775821,0.5245372555522956,0.5314669652855543,0.5750935488699297,0.5809449024996728,0.740874369048778,0.7407673417536708,0.5629019734239712,0.5193939039372842,14.897240249567796,14.487881649419933,1.0132110916048513,1.01017461183705,0.9227075555943784
0.85,10,0.9792702736473823,0.898480974582644,0.5216087583417336,0.528066064055351,0.5720294584318774,0.5782250686184812,0.7418506773502265,0.7371580175619412,0.5602550945609148,0.5186096946251685,14.901019400873,14.420117669773964,1.0123795960293036,1.0108309285392192,0.9256670749805768
0.85,11,0.9781171757636454,0.8933432318732987,0.5271847642451236,0.5270914127423822,0.5757353271700205,0.5782546680497925,0.7351665705502473,0.7453326415070489,0.5630715123094959,0.5164746076784991,14.902021440562127,14.441061841074688,0.9998229245056521,1.0043758664109699,0.917245139183343
0.85,12,0.9786128895642859,0.8940551479888692,0.523566473620569,0.5195518080470828,0.5733357199325786,0.5695655066870716,0.7388711064050124,0.7365403923345977,0.5612060154767119,0.5091904110403902,14.946921828429828,14.495952875323308,0.9923320804983483,0.9934240740382435,0.907314599270399
0.85,13,0.9789497368717109,0.899189513708225,0.5165294004979889,0.5207811717576365,0.5665853402984627,0.5692227506677959,0.7399960531510141,0.7373139129584991,0.5544927196554654,0.5121336459554513,14.90381033615729,14.474606897221712,1.0082314215910042,1.0046549216538923,0.9236075205345636
0.85,14,0.9791557190401121,0.8934454785248594,0.51558906210069,0.5146501782531194,0.566060026020248,0.5638207392868826,0.7421377549283917,0.7363743663543528,0.5542897307112211,0.5037409399111527,14.904985198255028,14.448417860747261,0.998179007437153,0.9960440825523241,0.9088043887531377
0.85,15,0.9790441956540732,0.8954577500251788,0.521978021978022,0.536103925317737,0.572941598851125,0.5828971473436273,0.7412781360970372,0.7356710021249138,0.5609748952749216,0.5223381801125704,14.878149483166423,14.493993687432459,1.0270622569245065,1.0173762011913001,0.9311257678591549
0.85,16,0.9785258052823019,0.8955596623545278,0.5329245704796577,0.5335750139431121,0.5832024295737773,0.5846083431411011,0.7380761498840287,0.742505987351998,0.5706945013761199,0.523049023049023,14.87756628637442,14.475573446788362,1.0012205169351998,1.0024106785157794,0.9165131638517473
0.85,17,0.9785545275861637,0.8949565217391304,0.529182232229671,0.5282882682804952,0.5788659871196313,0.5789371354504212,0.7379477441508191,0.7484034457899756,0.5663508849232577,0.5186066763425254,14.884741803521509,14.505078362108998,0.9983106690007163,1.0001229098485194,0.9156985362754368
0.85,18,0.9783866895008563,0.8959208158368326,0.5243522256861042,0.5236580738756835,0.5740125673249551,0.5745378261439622,0.7387012502181063,0.739779906821206,0.5616189709434238,0.515074933881869,14.903853432211998,14.40591499653298,0.998676172663304,1.0009150650158323,0.9171252406531624
0.85,19,0.9783008597064234,0.8965277086857029,0.5247323381557235,0.5241371656863834,0.5743018095423098,0.574887717242726,0.7421602878641239,0.7411383640875151,0.5618841554340517,0.5151356080489938,14.902906182109652,14.426556526557647,0.9988657598816341,1.0010202086963353,0.9168003814790882
0.9,0,0.9780807538021269,0.9276079136690647,0.5212413916465433,0.529433941940001,0.5706698979744488,0.5779081503911179,0.738977540487012,0.7315885104806941,0.5582596733594802,0.5360758382585289,14.917048213274171,14.678123763645365,1.015717382434995,1.0126837817140184,0.9602625155289222
0.9,1,0.9802524684414449,0.9319424243944029,0.5182965701899783,0.5168980734043698,0.5665439636080685,0.5659582494969819,0.7339069726215155,0.7388863380056291,0.555570229500499,0.5271140782384633,14.902258594099596,14.700661999683467,0.997301744086217,0.9989661630010911,0.9487802805999525
0.9,2,0.9794156039763029,0.9313624045331362,0.5287189870822226,0.5202095016400381,0.5783937092949969,0.572576125537082,0.7389980245481335,0.7432327945992855,0.5663923585598825,0.5328890176760359,14.901268245306646,14.76356706759432,0.9839054665141783,0.9899418274016052,0.9408478232844938
0.9,3,0.9787795093542622,0.9296921846891865,0.5204867273586231,0.5287825853265251,0.5715997603355303,0.580547304556658,0.7435663274115434,0.7375553009517172,0.5594487611787128,0.5395911654135338,14.875577394658762,14.71321216433187,1.0159386542093052,1.0156535128983881,0.9645050679469901
0.9,4,0.9785792704226758,0.9310396937336288,0.5212713063654559,0.52161445652762,0.5713216023961063,0.5734853793718545,0.7371826042454673,0.7373403114371446,0.5588760950455598,0.5337365113245582,14.867989212037669,14.651633005182772,1.0006582947458909,1.0037873186777349,0.9550176077598163
0.9,5,0.9786781982702595,0.9292393859078861,0.5220289632978315,0.5224948875255624,0.5712938005390835,0.5718340060544904,0.7350486408919517,0.7368002688170053,0.5592102370168418,0.5313836957158764,14.907900375674382,14.658965585380765,1.0008925256269068,1.000945582666742,0.9502395709896002
0.9,6,0.9786814202395374,0.9312384102641207,0.5372237251799296,0.5413056347882246,0.588509014737787,0.5877286729112969,0.7435542714962182,0.7306916807345839,0.5760882301247876,0.547237180988059,14.956305273264867,14.709922715499411,1.007598155883618,0.9986740358992839,0.9499190442920884
0.9,7,0.9795617151148246,0.9304951781342128,0.5219756365400823,0.5257759639136506,0.5720951796957959,0.5735673397496382,0.7405471316629326,0.7317929122856832,0.5603949662315592,0.533185193848313,14.8858676760614,14.570744351255414,1.0072806604514317,1.0025732781993113,0.9514453661741085
0.9,8,0.9791986615225181,0.9317907444668008,0.5262990117947083,0.5224033686028935,0.5772266403079181,0.5731138026747413,0.7391675913414829,0.7432585859696201,0.5651319648093842,0.5340975896531452,14.92385286851889,14.667251405052856,0.9925980419789685,0.9928748305327993,0.9450847287204739
0.9,9,0.9791523367641726,0.930094668659691,0.5231307635323269,0.5265977393260834,0.5730544033303883,0.5761863027419557,0.7394941156803848,0.7370553783764194,0.5611966564012318,0.5367389783065081,14.897259376966664,14.713586384818386,1.0066273598026363,1.0054652741404062,0.9564187031128041
0.9,10,0.9791921664626683,0.9309964394965147,0.5304336734693877,0.5306221384325344,0.5811382210999716,0.5814425148941564,0.7415754764742697,0.7418070371179447,0.5691645814127047,0.541143160502566,14.875855941149224,14.58884045405575,1.0003553035423145,1.0005236169006555,0.9507674549238682
0.9,11,0.9775745536773984,0.9328067193280672,0.5245757080053164,0.5337656769214278,0.5739350245303338,0.5869182389937107,0.737686986602011,0.7477772608899895,0.5610779668947768,0.5471388367729831,14.9053585900967,14.655935048359439,1.017518861006843,1.0226214012187205,0.9751565184444182
0.9,12,0.9778513429106809,0.9318840579710145,0.5207787728196022,0.5242666380651043,0.5710097232610322,0.5727610764479738,0.7412909851020746,0.7304722302702364,0.5585928354015453,0.5339914213526059,14.942854594573175,14.665990601919896,1.006697402865747,1.0030671162251663,0.9559582356059856
0.9,13,0.9793644242674371,0.9323405956426144,0.5198891570572987,0.5219208918426412,0.5696769841864648,0.5714285714285714,0.7375040890765614,0.7383355725997206,0.5580254889293476,0.5332554061952075,14.897434940816561,14.696161877941229,1.0039080153101148,1.0030747024905842,0.9556111983671839
0.9,14,0.9794984899560145,0.9282287184053025,0.5259010017527475,0.522061174464457,0.5747783900335409,0.5722695390781564,0.7355219327561134,0.7413996595764796,0.563050971763843,0.5316809216268109,14.905637542771313,14.70952169723336,0.9926985739226719,0.9956350986764861,0.944285594537275
0.9,15,0.9791403839668245,0.9282810539523212,0.5287604128130222,0.5325475778546713,0.579326455129453,0.5833491131730102,0.7402554077028743,0.7438702787498863,0.5672810451766155,0.5415445915856089,14.89827778297969,14.670994204542893,1.007162346026438,1.0069436809038148,0.9546319169134341
0.9,16,0.978826648657437,0.9312047892242454,0.5338972222932052,0.5373941926497375,0.5826323824348191,0.5869483450351053,0.7347394340240517,0.7431915773111523,0.570390341108897,0.5465530325141557,14.888404441577276,14.635265021956116,1.006549894268998,1.0074076943376367,0.9582087793625692
0.9,17,0.9789267950436624,0.9292298542967589,0.5277532475843092,0.5278933333333333,0.5778859736122381,0.5795044203710621,0.7387846905824731,0.7459655729509461,0.5657374034571534,0.5385015909748336,14.9068781701161,14.635260641164693,1.0002654379668252,1.0028006333995396,0.9518578543403972
0.9,18,0.9788943968754694,0.9306640139268839,0.5257551344024144,0.5249853027630805,0.5759901658021768,0.5725477906612347,0.7407269725654764,0.7312165383501038,0.5639512696315867,0.5333683657383079,14.885846482677087,14.670241131745279,0.9985357601115795,0.9940235522317505,0.9457703075777137
0.9,19,0.9784382430234013,0.9296082720222708,0.5368539527031347,0.5302673796791444,0.5856367631889734,0.5815008506080273,0.7375797466697428,0.742017934050689,0.5732115944573695,0.5403079444997365,14.913023539487503,14.646528918750997,0.9877311641446878,0.992937751109707,0.9425977243381108
0.95,0,0.9781971647547963,0.9645604804685561,0.5269808349656259,0.529357278855555,0.5773423092492915,0.5789791239290455,0.7405639913425864,0.7350772709697186,0.56506618143398,0.5582640060503811,14.93209513783933,14.860859380483262,1.0045095451907355,1.002835085275289,0.9879621615890427
0.95,1,0.9796237655982077,0.9675812957522035,0.5147631884909735,0.5139475038600103,0.5648606486064861,0.5648555749864319,0.7388962905400838,0.7452160954419002,0.5533074730377031,0.5464675339828482,14.91819593018747,14.860744500738166,0.9984154177120661,0.9999910179261616,0.9876380866188141
0.95,2,0.9792109674029971,0.9653037791423293,0.5230059782331,0.5191352916839057,0.5726059772040566,0.5690604392280235,0.7391906380865045,0.7444150097690787,0.5606637569934679,0.5494479817746364,14.925779279326688,14.852352918145069,0.9925991542921347,0.9938080667733414,0.9799955408586144
0.95,3,0.9787534349238072,0.9634531508497518,0.5212036907055986,0.5275262774482257,0.5708259789990128,0.5773013255146295,0.7401443495277619,0.7331461604093714,0.5584955363676277,0.5561374602800988,14.934541424715576,14.772379220482083,1.0121307405441962,1.0113438188762394,0.9957778067433349
0.95,4,0.9793115481442708,0.9643472095614302,0.5212909465753773,0.5118685012078563,0.5706073817486861,0.559278508101498,0.7378715041984539,0.7374805172315906,0.5586872304656092,0.5394550601556971,14.887826737116852,14.835906513483266,0.9819247860922546,0.9801459392052211,0.9655761412447461
0.95,5,0.9781830918962195,0.9662949317932888,0.5198864362994603,0.5188314699366273,0.5696665966449599,0.5698391583020922,0.738327867610556,0.7421553536457145,0.557233645957172,0.5504672897196262,14.907200700783745,14.788811866207762,0.9979707753671317,1.000302916930971,0.9878572367504425
0.95,6,0.9790939028041113,0.9633397119548797,0.5329969933241604,0.5320439100888656,0.5823001728556952,0.5811066952002446,0.7367341921881222,0.7409699102954987,0.5703089653964594,0.5597502797573473,14.938169313216235,14.900439030347721,0.9982118412538303,0.9979504082068229,0.9814860255058904
0.95,7,0.9793693265648054,0.9660932186437288,0.5227249514860586,0.5250543534527384,0.5734822845847435,0.574815084273069,0.7401760514486263,0.7383887513735786,0.5616155098329643,0.5548987475125834,14.87733748712699,14.812862320095789,1.0044562670292618,1.0023240468348393,0.9880402834273958
0.95,8,0.9786939954673375,0.9668393256144627,0.5212290858197086,0.52287410053049,0.5714562759196825,0.57267424009825,0.7425954089756376,0.7464525654927022,0.5591772983388317,0.5537675909981593,14.914030300199324,14.84369717515388,1.0031560301516833,1.0021313339793272,0.9903255955548568
0.95,9,0.9792871991384277,0.9645921150508306,0.5270204603580563,0.5329803094956558,0.5768013321531976,0.5784155455904335,0.7397233408642097,0.7315182261936487,0.5648284169702668,0.5584160701916416,14.883495590277924,14.83345239279623,1.0113085725999147,1.0027985605220606,0.9886472659909342
0.95,10,0.9792809414580632,0.9651509787061858,0.5281844336380069,0.5304475421863536,0.5780998389694042,0.5813796074087748,0.7373592238869663,0.7388082587575895,0.566113771755636,0.5613451369496761,14.888970179067135,14.833599422684975,1.0042846937626673,1.0056733598909446,0.9915765433665897
0.95,11,0.9778216485699649,0.9661830915457729,0.5257098315827136,0.5256290773532153,0.575437862394644,0.5765126712744029,0.7415877934282792,0.7422024084408084,0.5628215622076708,0.5565049452800375,14.878301554367091,14.844875526071155,0.9998463901098156,1.001867810497012,0.9887768746761294
0.95,12,0.978452253285782,0.9644764688098357,0.5249407386638799,0.5195653309649444,0.5768012431640916,0.5694666830890504,0.7445566732412648,0.7364949052496204,0.5645694395694396,0.5490766581556915,14.952335848351401,14.883308664786654,0.9897599723111271,0.9872840772068955,0.9725582358379805
0.95,13,0.979490638388229,0.965190349601244,0.5187263290784121,0.5132255885256977,0.5674735317395135,0.5630600426699177,0.7367612355517577,0.7448698906876008,0.5557229135896349,0.5434808190162391,14.864741943892897,14.869928624628606,0.9893956789074362,0.9922225640091673,0.9779708659225167
0.95,14,0.9787258020084646,0.965878093537668,0.5222163939459846,0.5196919127086008,0.5715098350348792,0.5714371944226474,0.7395913296272628,0.7420162253909741,0.5594583901173781,0.5518186057356027,14.93032870762452,14.841519176718876,0.9951658330403834,0.9998728970040781,0.9863443206559607
0.95,15,0.9789923313266555,0.9653958354290313,0.5207312716880996,0.5229759299781181,0.5715354684226279,0.5716982280947451,0.7402263819503623,0.7366132554811686,0.5595276467313272,0.5518396614552721,14.890667183270663,14.819637630398384,1.0043105886127057,1.0002847761532043,0.9862598652256648
0.95,16,0.979292050900264,0.965682362330407,0.5205964275675261,0.5241219008264463,0.5710167871437959,0.5754665700308027,0.7434181289807013,0.747356277154192,0.5593954379855736,0.5558277913895695,14.889833196249482,14.844246662493795,1.0067719889577285,1.0077927356729115,0.9936223173201922
0.95,17,0.9780274781651193,0.965301252734142,0.5207517719607994,0.5237408589968071,0.5714007110817744,0.5712306487560991,0.7416787286792872,0.7360236819757813,0.5589158889475847,0.5516258507358501,14.880533922252718,14.848626554835878,1.0057399459722487,0.99970237641925,0.9869568241735596
0.95,18,0.9791431792559189,0.9667412378821775,0.5235463442717329,0.5182556824025506,0.5726457331955738,0.5668982180610087,0.7381110420934341,0.7357119612507224,0.5608958376110997,0.5479971972439566,14.898544430088386,14.811950177642586,0.989894568213361,0.9899632271727725,0.9770035013593976
0.95,19,0.9784628062027119,0.9652523223700729,0.5336548890505174,0.5306663892212454,0.5837903261957772,0.5804875068727473,0.7395677263243291,0.7391507131667303,0.5712677292001754,0.560589970501475,14.911920702452091,14.822660262423147,0.9943999391918078,0.994342456229872,0.9813086611532384
0.97,0,0.9775996994928943,0.9811189506111497,0.5250653209693119,0.5275498835207131,0.5749265279193906,0.5757306301499793,0.7395850781025066,0.7325157262367703,0.5622470526130565,0.564979639325189,14.925389423164514,14.954522175820111,1.004731911349267,1.001398617373769,1.004860117450919
0.97,1,0.9800217263725698,0.9790504898266768,0.5197548638628053,0.5194991789819376,0.5686421156550094,0.5703256936067551,0.737130066130266,0.7409125734424233,0.5573376337780385,0.5582054309327037,14.87014198046993,14.908445799023067,0.999508066400827,1.0029606986633524,1.0015570402967098
0.97,2,0.9794098147383695,0.9785418434053595,0.5316048278945016,0.5259319700137692,0.5827932526081034,0.5765636232925953,0.7442692213989941,0.7409701805877623,0.5707647429601724,0.5642919964819701,14.9470240507476,14.92867431947908,0.9893288066942497,0.9893107387780666,0.9886595194289113
0.97,3,0.978690430065866,0.9791823049592153,0.5269711133246494,0.5322226197168702,0.5773529499895125,0.5824538258575198,0.7408411149037144,0.7355444631393828,0.5652014490840557,0.5701121089393673,14.906070006549777,14.910923424780623,1.0099654540057978,1.008834935143399,1.008688335571803
0.97,4,0.978882731765763,0.9799113885812103,0.5173143614851081,0.513435749884396,0.5664313702030928,0.5632702134054703,0.7374848610401743,0.7430866312188348,0.5543358946212953,0.5519231901985039,14.875329421001194,14.884255815338582,0.9925024088069441,0.9944191706817209,0.9956475767739347
0.97,5,0.9785553329994993,0.9787001638448936,0.5189785971061958,0.5248579545454546,0.56904047976012,0.5750104471374843,0.7401239957330134,0.7321878952076959,0.5568678658411338,0.5629456458211572,14.920813542754374,14.87168285831744,1.0113287088755527,1.010491287684632,1.0109142228396375
0.97,6,0.9789143113503813,0.9783917817924194,0.5301965576942662,0.5290679631736837,0.579295055868831,0.5766075521775847,0.7393714686046415,0.7365524649188837,0.56712743798523,0.5643190270972313,14.939812524538407,14.920866541191357,0.9978713658091433,0.9953607342855438,0.9950480073791247
0.97,7,0.9797865318271829,0.9794134092410919,0.5234142621075378,0.524704172721611,0.5729175973078412,0.5736486074715096,0.7378481945773341,0.7329800563511468,0.5613328664799253,0.5617353941636332,14.94000843316285,14.901089605414153,1.0024644162520129,1.001275942940317,1.0007170926695101
0.97,8,0.9793380165495863,0.9794856399479636,0.5215510089471468,0.5168573763792399,0.5717169300698255,0.5643871583721207,0.7391644065410973,0.7342371187016512,0.5598225527802992,0.5530023972402502,14.905552141911327,14.904281591289998,0.9910006260415795,0.9871793691734657,0.9878172904857487
0.97,9,0.9792799889960111,0.9785885406268716,0.5173021426564854,0.5231294945682664,0.5677288155868235,0.5732887349181699,0.7421043680720596,0.7402892851014983,0.5560469816349843,0.561024082300678,14.898731010027266,14.91495801495494,1.0112648903440762,1.0097932660430482,1.0089508635602322
0.97,10,0.9792830772300938,0.9791635134453358,0.5257339361905369,0.531378812860676,0.5764767459249289,0.5827958285610947,0.7391748824308273,0.7458531642163371,0.5646550461403251,0.5705181163696448,14.86438331568863,14.915788161273703,1.0107371358049317,1.0109615568725623,1.010383454941909
0.97,11,0.9781891770349272,0.9792533199699324,0.5329859780859704,0.5311396550841819,0.5830589643819216,0.5829930338698054,0.7385681073006227,0.7407659550373176,0.5704747122734062,0.5703542682568592,14.918760077059254,14.909015874528212,0.996535888226518,0.9998869230795789,0.9997888705424522
0.97,12,0.9781254274806312,0.9801182707993474,0.5217280748595112,0.5244460626235307,0.5716497684875013,0.5744784975836545,0.7401666126434092,0.7372552411805848,0.5591949084659861,0.5629083498171792,14.929460497326955,14.963298073986106,1.0052095869380833,1.004948360433413,1.0066406923506868
0.97,13,0.9793030227329503,0.9798385074477155,0.52006938510006,0.5213185238265855,0.5690065037003813,0.574473208910295,0.7355410189469391,0.7483412238440216,0.5573079119623952,0.5628834355828221,14.900289333371509,14.916636392255436,1.002401869370344,1.009607456460273,1.0100043862661026
0.97,14,0.9784752465335136,0.9798381089536674,0.5192356883409219,0.5224266382849323,0.5687082371977347,0.573769514956501,0.7381214728882697,0.7419017671366231,0.5565754167827451,0.5624087378073711,14.92383684850416,14.92903670872815,1.0061454750042436,1.0088996033954165,1.0104807378276697
0.97,15,0.9791026505783307,0.979700532609788,0.520022963577215,0.5316955585188224,0.5693910807457131,0.5786426311705366,0.7397397281839595,0.7366506197351272,0.5573996019201498,0.5669668967130659,14.899536700707788,14.904277675894217,1.022446306719442,1.0162481477804448,1.0171641579218182
0.97,16,0.9794921997565169,0.978473966799665,0.5289135476596235,0.5388642770841724,0.580488538143555,0.5899805733796433,0.7431194257061755,0.7465247249225465,0.5686664310537787,0.577270894533725,14.881664270032072,14.855647495220605,1.0188135272174057,1.0163518047512952,1.0151309502549706
0.97,17,0.9787406888966655,0.9777833375031273,0.5283932014659498,0.5301161660099278,0.5788416872705476,0.5806239933186184,0.7395568678248541,0.7465953699066481,0.5666402628645192,0.5680186752261454,14.890325192094602,14.89724486556747,1.0032607621354663,1.0030790906862201,1.0024326057500008
0.97,18,0.978899519134442,0.9807414779795969,0.525975105857671,0.5278059671199513,0.577321289238341,0.5776958744501248,0.7425648581886801,0.7354065102846461,0.565268493351943,0.56668027290221,14.913724230011578,14.902498028113541,1.003480889574222,1.0006488331865917,1.002497538014007
0.97,19,0.9785041703660168,0.9794298267512107,0.532332268370607,0.52459601366162,0.5818227931193961,0.5747532156745438,0.739455404852791,0.7359748802903007,0.5696444743069148,0.5629981247069855,14.898690080176742,14.895559702128851,0.9854672444849782,0.9878492600694633,0.9883324601576872
