economia,codigo,region,n,n_sin_documento,pct_sin_documento,cuenta_con_documento,cuenta_sin_documento,cociente_cuenta,ic_inf,ic_sup,senal,cociente_credito,senal_credito,cociente_credito_con_cuenta,sin_doc_no_pudo_usar_servicios,n_fin49b
Albania,ALB,Europe & Central Asia (excluding high income),1000,33,0.0426,0.4765,0.1049,0.22,0.0743,0.6516,A confirmar,0.4408,A confirmar,2.5327,0.0868,30
Algeria,DZA,Middle East & North Africa (excluding high income),1007,1,0.0028,0.3539,,,,,Suprimido (n < 30),0.0,A confirmar,,,1
Argentina,ARG,Latin America & Caribbean (excluding high income),1000,4,0.007,0.7342,,,,,Suprimido (n < 30),0.0,A confirmar,,,4
Austria,AUT,High income,1000,417,0.4168,0.9971,0.9923,0.9951,0.9796,1.0109,Sin señal,,,,,0
Bahrain,BHR,High income,1014,10,0.0151,0.8325,,,,,Suprimido (n < 30),,,,,0
Bangladesh,BGD,South Asia,1000,101,0.1071,0.3563,0.1057,0.2967,0.1566,0.5618,Señal clara,0.48,A confirmar,1.3266,0.2805,101
Belgium,BEL,High income,1001,22,0.0279,0.9829,,,,,Suprimido (n < 30),,,,,0
Benin,BEN,Sub-Saharan Africa (excluding high income),1000,283,0.3109,0.2552,0.0746,0.2922,0.1697,0.5033,Señal clara,0.3691,Señal clara,0.374,0.332,283
Bolivia,BOL,Latin America & Caribbean (excluding high income),1000,6,0.0127,0.5418,,,,,Suprimido (n < 30),0.3836,A confirmar,,,6
Bosnia and Herzegovina,BIH,Europe & Central Asia (excluding high income),993,34,0.0662,0.8161,0.2669,0.3271,0.1831,0.5842,A confirmar,0.0,A confirmar,0.0,0.1397,34
Botswana,BWA,Sub-Saharan Africa (excluding high income),992,37,0.0519,0.429,0.2913,0.6791,0.3707,1.2441,A confirmar,0.0756,A confirmar,0.1146,0.3017,37
Brazil,BRA,Latin America & Caribbean (excluding high income),999,16,0.0142,0.858,,,,,Suprimido (n < 30),0.4991,A confirmar,0.5983,,16
Burkina Faso,BFA,Sub-Saharan Africa (excluding high income),1000,98,0.0978,0.2175,0.0944,0.4341,0.1986,0.9491,A confirmar,0.0749,A confirmar,0.2842,0.1629,98
Cambodia,KHM,East Asia & Pacific (excluding high income),1000,91,0.0919,0.4012,0.0914,0.2279,0.0931,0.558,A confirmar,0.6866,A confirmar,2.7259,0.5375,89
Cameroon,CMR,Sub-Saharan Africa (excluding high income),927,179,0.201,0.258,0.0836,0.3239,0.1893,0.5544,Señal clara,0.5612,A confirmar,1.0943,0.2671,178
Canada,CAN,High income,1017,52,0.0648,0.9893,0.9616,0.972,0.9175,1.0298,Sin señal,,,,,0
Chile,CHL,High income,998,13,0.0166,0.8626,,,,,Suprimido (n < 30),,,,,0
China,CHN,East Asia & Pacific (excluding high income),4020,36,0.0098,0.8969,0.5833,0.6503,0.4538,0.9319,A confirmar,1.4677,Sin señal,1.6133,0.285,36
Colombia,COL,Latin America & Caribbean (excluding high income),956,16,0.0135,0.4448,,,,,Suprimido (n < 30),0.0,A confirmar,0.0,,16
Comoros,COM,Sub-Saharan Africa (excluding high income),1000,195,0.2764,0.4796,0.2223,0.4635,0.3344,0.6424,Señal clara,0.4268,Señal clara,0.6336,0.4129,193
"Congo, Dem. Rep.",COD,Sub-Saharan Africa (excluding high income),999,94,0.1361,0.1443,0.0768,0.5324,0.2279,1.244,A confirmar,0.6857,A confirmar,0.0,0.3442,93
"Congo, Rep.",COG,Sub-Saharan Africa (excluding high income),973,392,0.4423,0.2259,0.0533,0.2358,0.1256,0.4429,Señal clara,0.0628,Señal clara,0.3327,0.3374,382
Costa Rica,CRI,Latin America & Caribbean (excluding high income),981,16,0.021,0.7379,,,,,Suprimido (n < 30),0.0,A confirmar,0.0,,15
Cote d'Ivoire,CIV,Sub-Saharan Africa (excluding high income),1000,182,0.2159,0.1928,0.079,0.4098,0.2282,0.7359,Señal clara,0.0,A confirmar,0.0,0.4179,181
Cyprus,CYP,High income,1010,70,0.1226,0.9687,0.9082,0.9376,0.8516,1.0322,Sin señal,,,,,0
Czechia,CZE,High income,1002,42,0.0456,0.9226,0.949,1.0286,0.9483,1.1156,Sin señal,,,,,0
Denmark,DNK,High income,1004,3,0.0028,0.9878,,,,,Suprimido (n < 30),,,,,0
Dominican Republic,DOM,Latin America & Caribbean (excluding high income),978,60,0.0764,0.6769,0.2555,0.3775,0.232,0.6142,A confirmar,0.2311,A confirmar,0.3415,0.3424,59
Ecuador,ECU,Latin America & Caribbean (excluding high income),998,17,0.0163,0.6435,,,,,Suprimido (n < 30),0.0,A confirmar,0.0,,16
"Egypt, Arab Rep.",EGY,Middle East & North Africa (excluding high income),986,12,0.0122,0.3626,,,,,Suprimido (n < 30),1.3083,Sin señal,0.0,,12
El Salvador,SLV,Latin America & Caribbean (excluding high income),966,12,0.0166,0.4635,,,,,Suprimido (n < 30),0.0,A confirmar,0.0,,12
Eswatini,SWZ,Sub-Saharan Africa (excluding high income),1048,126,0.1649,0.4708,0.2243,0.4764,0.3217,0.7056,Señal clara,0.3812,A confirmar,1.0691,0.4655,120
Ethiopia,ETH,Sub-Saharan Africa (excluding high income),911,69,0.094,0.5423,0.2265,0.4177,0.2356,0.7406,A confirmar,0.9895,Sin señal,2.0745,,0
Finland,FIN,High income,1000,3,0.0043,0.9984,,,,,Suprimido (n < 30),,,,,0
France,FRA,High income,999,45,0.0468,0.9915,1.0,1.0086,1.0013,1.0159,Sin señal,,,,,0
Gabon,GAB,Sub-Saharan Africa (excluding high income),971,162,0.2168,0.2779,0.1784,0.6421,0.4281,0.963,Señal clara,0.2265,Señal clara,0.3729,0.2992,162
"Gambia, The",GMB,Sub-Saharan Africa (excluding high income),1006,194,0.2245,0.3513,0.1664,0.4739,0.3255,0.6899,Señal clara,0.0899,Señal clara,0.0,0.1456,182
Georgia,GEO,Europe & Central Asia (excluding high income),995,68,0.0772,0.8054,0.6231,0.7736,0.6094,0.982,A confirmar,0.6247,A confirmar,0.735,0.0593,67
Germany,DEU,High income,1000,19,0.0204,0.9826,,,,,Suprimido (n < 30),,,,,0
Ghana,GHA,Sub-Saharan Africa (excluding high income),1000,108,0.1208,0.4321,0.0621,0.1437,0.0735,0.2809,Señal clara,0.2623,A confirmar,0.7472,0.3048,105
Greece,GRC,High income,1004,20,0.033,0.8859,,,,,Suprimido (n < 30),,,,,0
Guatemala,GTM,Latin America & Caribbean (excluding high income),929,38,0.0565,0.4147,0.2525,0.609,0.3181,1.1662,A confirmar,0.1726,A confirmar,0.3863,0.2544,38
Guinea,GIN,Sub-Saharan Africa (excluding high income),1000,453,0.5267,0.2053,0.1364,0.6642,0.4578,0.9637,Señal clara,0.7489,A confirmar,0.3577,0.3118,453
Honduras,HND,Latin America & Caribbean (excluding high income),966,33,0.0461,0.4353,0.1024,0.2353,0.0825,0.6714,A confirmar,0.2308,A confirmar,1.3284,0.2059,32
"Hong Kong SAR, China",HKG,High income,1006,1,0.001,0.9731,,,,,Suprimido (n < 30),,,,,0
Hungary,HUN,High income,1005,6,0.0066,0.8743,,,,,Suprimido (n < 30),,,,,0
India,IND,South Asia,3000,21,0.0081,0.8929,,,,,Suprimido (n < 30),0.5609,A confirmar,0.0,,21
Indonesia,IDN,East Asia & Pacific (excluding high income),1034,22,0.0261,0.5385,,,,,Suprimido (n < 30),0.0,A confirmar,0.0,,22
"Iran, Islamic Rep.",IRN,Middle East & North Africa (excluding high income),1008,51,0.0803,0.9138,0.8743,0.9568,0.8526,1.0737,Sin señal,0.4202,A confirmar,0.2065,0.2881,51
Iraq,IRQ,Middle East & North Africa (excluding high income),1000,25,0.0322,0.2875,,,,,Suprimido (n < 30),1.2633,Sin señal,3.4019,,25
Ireland,IRL,High income,995,150,0.1437,0.9822,0.9962,1.0143,0.9989,1.0299,Sin señal,,,,,0
Israel,ISR,High income,995,15,0.0199,0.9154,,,,,Suprimido (n < 30),,,,,0
Italy,ITA,High income,1001,10,0.0164,0.8629,,,,,Suprimido (n < 30),,,,,0
Japan,JPN,High income,991,40,0.0408,0.9903,0.9302,0.9393,0.8587,1.0274,Sin señal,,,,,0
Jordan,JOR,Middle East & North Africa (excluding high income),914,123,0.1385,0.4995,0.1886,0.3775,0.2568,0.5548,Señal clara,0.1728,Señal clara,0.6261,0.3284,117
Kenya,KEN,Sub-Saharan Africa (excluding high income),958,66,0.0711,0.4869,0.1993,0.4094,0.2463,0.6803,A confirmar,0.4156,A confirmar,0.364,0.6263,66
"Korea, Rep.",KOR,High income,1000,21,0.0276,0.9686,,,,,Suprimido (n < 30),,,,,0
Kuwait,KWT,High income,998,44,0.0442,0.7627,0.3877,0.5083,0.3213,0.8042,A confirmar,,,,,0
Kyrgyz Republic,KGZ,Europe & Central Asia (excluding high income),988,14,0.019,0.7147,,,,,Suprimido (n < 30),0.7632,A confirmar,2.0649,,13
Lao PDR,LAO,East Asia & Pacific (excluding high income),1000,432,0.5247,0.5597,0.2026,0.362,0.2845,0.4606,Señal clara,0.6021,A confirmar,1.1721,0.4255,417
Latvia,LVA,High income,997,5,0.0078,0.9582,,,,,Suprimido (n < 30),,,,,0
Lebanon,LBN,Middle East & North Africa (excluding high income),1009,14,0.0155,0.2175,,,,,Suprimido (n < 30),0.0,A confirmar,0.0,,12
Lesotho,LSO,Sub-Saharan Africa (excluding high income),1004,77,0.124,0.354,0.239,0.6753,0.4165,1.0947,A confirmar,0.2321,A confirmar,0.439,0.188,76
Libya,LBY,Middle East & North Africa (excluding high income),1000,53,0.056,0.3347,0.2728,0.8152,0.4808,1.3822,Sin señal,0.7576,A confirmar,0.465,0.3476,53
Lithuania,LTU,High income,1007,137,0.1442,0.9886,1.0,1.0116,1.0011,1.0222,Sin señal,,,,,0
Madagascar,MDG,Sub-Saharan Africa (excluding high income),943,69,0.0981,0.1013,0.0754,0.7445,0.277,2.001,A confirmar,0.0,A confirmar,0.0,0.4163,67
Malawi,MWI,Sub-Saharan Africa (excluding high income),963,97,0.1156,0.1311,0.0494,0.3768,0.1448,0.9804,A confirmar,0.6486,A confirmar,0.0,0.3393,97
Malaysia,MYS,East Asia & Pacific (excluding high income),999,67,0.0505,0.8976,0.4015,0.4473,0.2946,0.6791,A confirmar,0.717,A confirmar,1.603,0.4246,63
Mali,MLI,Sub-Saharan Africa (excluding high income),1002,181,0.2248,0.2215,0.0568,0.2563,0.1298,0.5061,Señal clara,0.0342,Señal clara,0.0,0.2004,181
Mauritania,MRT,Sub-Saharan Africa (excluding high income),1000,48,0.0567,0.2682,0.356,1.3276,0.8325,2.117,Sin señal,1.5035,Sin señal,0.9684,0.25,48
Mauritius,MUS,Sub-Saharan Africa (excluding high income),976,4,0.0076,0.9087,,,,,Suprimido (n < 30),0.0,A confirmar,0.0,,4
Mexico,MEX,Latin America & Caribbean (excluding high income),1047,39,0.0389,0.5309,0.375,0.7064,0.4454,1.1204,A confirmar,0.0,A confirmar,0.0,0.2408,38
Mongolia,MNG,East Asia & Pacific (excluding high income),975,13,0.0139,0.9889,,,,,Suprimido (n < 30),0.1998,A confirmar,0.2172,,13
Montenegro,MNE,Europe & Central Asia (excluding high income),999,16,0.0562,0.797,,,,,Suprimido (n < 30),0.0,A confirmar,0.0,,16
Morocco,MAR,Middle East & North Africa (excluding high income),1014,42,0.0561,0.4476,0.0372,0.0831,0.0264,0.2611,A confirmar,0.0,A confirmar,0.0,,0
Mozambique,MOZ,Sub-Saharan Africa (excluding high income),1008,262,0.3877,0.3104,0.1568,0.505,0.3376,0.7554,Señal clara,0.4797,A confirmar,1.1715,0.3823,259
Namibia,NAM,Sub-Saharan Africa (excluding high income),994,29,0.0421,0.6524,,,,,Suprimido (n < 30),0.0,A confirmar,0.0,,29
Nepal,NPL,South Asia,990,80,0.1018,0.6368,0.0852,0.1337,0.0671,0.2666,A confirmar,0.3318,A confirmar,0.2288,0.3154,79
Netherlands,NLD,High income,1001,136,0.1111,0.9952,0.9793,0.9839,0.9443,1.0253,Sin señal,,,,,0
New Zealand,NZL,High income,997,23,0.0342,0.9848,,,,,Suprimido (n < 30),,,,,0
Nicaragua,NIC,Latin America & Caribbean (excluding high income),1130,49,0.0726,0.2184,0.1719,0.7868,0.3702,1.6721,A confirmar,1.7988,Sin señal,3.7333,0.4436,48
Niger,NER,Sub-Saharan Africa (excluding high income),1000,421,0.4687,0.1435,0.1076,0.7496,0.486,1.1562,A confirmar,1.7134,Sin señal,2.3234,0.2898,420
Nigeria,NGA,Sub-Saharan Africa (excluding high income),1000,113,0.2092,0.7004,0.2076,0.2964,0.1865,0.4711,Señal clara,0.49,A confirmar,1.5738,0.2451,107
North Macedonia,MKD,Europe & Central Asia (excluding high income),999,36,0.0664,0.8817,0.2882,0.3269,0.1939,0.5509,A confirmar,0.262,A confirmar,0.8015,0.0971,33
Oman,OMN,High income,980,48,0.0624,0.7112,0.5438,0.7647,0.5581,1.0478,A confirmar,0.0489,A confirmar,0.0702,0.7568,46
Pakistan,PAK,South Asia,942,49,0.0668,0.2021,0.059,0.2918,0.0698,1.22,A confirmar,0.385,A confirmar,0.0,0.2458,47
Panama,PAN,High income,964,10,0.0154,0.621,,,,,Suprimido (n < 30),2.0156,Sin señal,3.4052,,9
Paraguay,PRY,Latin America & Caribbean (excluding high income),1000,6,0.0041,0.4566,,,,,Suprimido (n < 30),0.0,A confirmar,0.0,,6
Peru,PER,Latin America & Caribbean (excluding high income),958,9,0.0121,0.5297,,,,,Suprimido (n < 30),0.0,A confirmar,0.0,,9
Philippines,PHL,East Asia & Pacific (excluding high income),995,292,0.2594,0.3423,0.3102,0.9062,0.6701,1.2253,Sin señal,0.2114,Señal clara,0.2088,0.2983,292
Poland,POL,High income,1003,24,0.0378,0.8799,,,,,Suprimido (n < 30),0.0,A confirmar,0.0,,0
Portugal,PRT,High income,1001,94,0.0937,0.9146,0.9076,0.9923,0.9095,1.0827,Sin señal,,,,,0
Russian Federation,RUS,Europe & Central Asia (excluding high income),1000,16,0.0228,0.7961,,,,,Suprimido (n < 30),,,,,16
Saudi Arabia,SAU,High income,1018,3,0.0034,0.7813,,,,,Suprimido (n < 30),0.0,A confirmar,0.0,,0
Senegal,SEN,Sub-Saharan Africa (excluding high income),1000,82,0.108,0.5153,0.1936,0.3757,0.2249,0.6274,A confirmar,0.3432,A confirmar,0.4578,0.5224,82
Serbia,SRB,Europe & Central Asia (excluding high income),999,19,0.0396,0.8631,,,,,Suprimido (n < 30),0.0,A confirmar,0.0,,16
Sierra Leone,SLE,Sub-Saharan Africa (excluding high income),999,536,0.5725,0.2319,0.0898,0.3874,0.2737,0.5483,Señal clara,0.4226,Señal clara,0.2962,0.1937,518
Slovenia,SVN,High income,1000,55,0.0599,0.9889,0.9653,0.9762,0.9106,1.0464,Sin señal,,,,,0
South Africa,ZAF,Sub-Saharan Africa (excluding high income),979,101,0.1035,0.85,0.3369,0.3964,0.2815,0.5581,Señal clara,0.0,A confirmar,0.0,0.4924,100
Spain,ESP,High income,1000,31,0.028,0.9849,0.9449,0.9594,0.8588,1.0717,Sin señal,,,,,0
Sri Lanka,LKA,South Asia,1000,48,0.0718,0.832,0.5578,0.6705,0.4936,0.9106,A confirmar,0.0,A confirmar,0.0,0.2083,45
Sweden,SWE,High income,1004,1,0.0047,0.9904,,,,,Suprimido (n < 30),,,,,0
Switzerland,CHE,High income,1000,81,0.0728,0.9835,0.9922,1.0089,0.9941,1.0239,Sin señal,,,,,0
"Taiwan, China",TWN,High income,999,4,0.0027,0.9561,,,,,Suprimido (n < 30),,,,,0
Tajikistan,TJK,Europe & Central Asia (excluding high income),987,91,0.1152,0.5595,0.3362,0.6009,0.4343,0.8314,A confirmar,0.6709,A confirmar,1.1209,0.1586,88
Tanzania,TZA,Sub-Saharan Africa (excluding high income),921,324,0.3818,0.3007,0.1075,0.3575,0.237,0.5392,Señal clara,0.0775,Señal clara,0.0992,0.262,324
Thailand,THA,East Asia & Pacific (excluding high income),1000,16,0.0222,0.9186,,,,,Suprimido (n < 30),1.5052,Sin señal,2.3651,,16
Togo,TGO,Sub-Saharan Africa (excluding high income),999,333,0.38,0.4211,0.167,0.3965,0.2812,0.5591,Señal clara,0.5486,A confirmar,0.9854,0.194,326
Trinidad and Tobago,TTO,High income,501,12,0.0304,0.7579,,,,,Suprimido (n < 30),,,,,0
Tunisia,TUN,Middle East & North Africa (excluding high income),908,1,0.0012,0.4135,,,,,Suprimido (n < 30),0.0,A confirmar,,,1
Turkiye,TUR,Europe & Central Asia (excluding high income),1000,1,0.0005,0.815,,,,,Suprimido (n < 30),0.0,A confirmar,0.0,,1
Uganda,UGA,Sub-Saharan Africa (excluding high income),1000,282,0.3306,0.338,0.1074,0.3177,0.2182,0.4626,Señal clara,0.3408,Señal clara,0.564,0.4936,281
United Kingdom,GBR,High income,999,57,0.0624,0.9924,1.0,1.0077,1.0017,1.0138,Sin señal,,,,,0
United States,USA,High income,993,78,0.0882,0.9748,0.9177,0.9414,0.8686,1.0202,Sin señal,,,,,0
Uzbekistan,UZB,Europe & Central Asia (excluding high income),1000,24,0.0414,0.6181,,,,,Suprimido (n < 30),0.0,A confirmar,0.0,,24
"Venezuela, RB",VEN,Latin America & Caribbean (excluding high income),1000,13,0.0165,0.8749,,,,,Suprimido (n < 30),0.0,A confirmar,0.0,,13
Viet Nam,VNM,East Asia & Pacific (excluding high income),1000,5,0.0067,0.7021,,,,,Suprimido (n < 30),0.0,A confirmar,0.0,,5
Zambia,ZMB,Sub-Saharan Africa (excluding high income),962,77,0.1223,0.2839,0.053,0.1868,0.0727,0.48,A confirmar,0.1666,A confirmar,0.0,0.4065,77
Zimbabwe,ZWE,Sub-Saharan Africa (excluding high income),974,69,0.0876,0.2416,0.023,0.095,0.0171,0.5267,A confirmar,0.0,A confirmar,0.0,0.2736,69
