ambito,condicion,nombre,referencia,economias,n,n_perfil,cuenta_perfil,cuenta_ref,credito_perfil,credito_ref,credito_con_cuenta_perfil,credito_con_cuenta_ref,credito_sin_cuenta_perfil,credito_sin_cuenta_ref,brecha_pp,acceso_pp,posterior_pp,pct_acceso,reduccion_contrafactual,brecha_pp_intra,acceso_pp_intra,pct_acceso_intra
East Asia & Pacific (excluding high income),sin_documento,Sin documento de identidad,con documento,9,12008,973,0.3636,0.8179,0.0937,0.1691,0.1765,0.195,0.0464,0.0528,7.5371,6.1847,1.3524,0.8206,0.8206,3.3716,2.1751,0.6451
East Asia & Pacific (excluding high income),telefono_basico,Sólo teléfono básico (sin smartphone),con smartphone,9,10861,1006,0.5212,0.8442,0.0837,0.1767,0.097,0.2003,0.0692,0.0488,9.2988,2.8953,6.4035,0.3114,0.3114,8.9738,2.2022,0.2454
East Asia & Pacific (excluding high income),sin_telefono,Sin teléfono móvil,con smartphone,9,11050,1195,0.5042,0.855,0.1186,0.178,0.1953,0.1999,0.0405,0.0487,5.9446,5.3683,0.5763,0.9031,0.9031,3.687,2.3345,0.6332
East Asia & Pacific (excluding high income),sin_internet,Sin uso de internet (3 meses),con uso de internet,9,12072,2352,0.5199,0.8614,0.0818,0.183,0.111,0.204,0.0501,0.0525,10.1215,3.6271,6.4944,0.3584,0.3584,9.2476,2.8235,0.3053
Europe & Central Asia (excluding high income),sin_documento,Sin documento de identidad,con documento,12,11905,334,0.2443,0.7696,0.0433,0.1245,0.1462,0.1527,0.01,0.0303,8.1244,6.7925,1.3319,0.8361,0.8361,7.8405,3.726,0.4752
Europe & Central Asia (excluding high income),telefono_basico,Sólo teléfono básico (sin smartphone),con smartphone,17,15544,2116,0.6438,0.7993,0.0475,0.1511,0.0682,0.179,0.0101,0.0401,10.3568,1.5304,8.8264,0.1478,0.1478,10.2805,1.3918,0.1354
Europe & Central Asia (excluding high income),sin_telefono,Sin teléfono móvil,con smartphone,17,14758,1330,0.4905,0.8047,0.0687,0.1508,0.1273,0.178,0.0123,0.0388,8.2124,3.9925,4.2199,0.4862,0.4862,8.4645,2.4902,0.2942
Europe & Central Asia (excluding high income),sin_internet,Sin uso de internet (3 meses),con uso de internet,17,16918,2934,0.5672,0.7986,0.0314,0.1508,0.0438,0.18,0.0152,0.0351,11.9401,2.007,9.9332,0.1681,0.1681,11.4259,1.4999,0.1313
High income,sin_documento,Sin documento de identidad,con documento,4,3881,83,0.4071,0.8181,0.0058,0.0859,0.0143,0.1032,0.0,0.0077,8.0046,2.2572,5.7474,0.282,0.282,7.6559,2.1725,0.2838
High income,telefono_basico,Sólo teléfono básico (sin smartphone),con smartphone,2,1767,397,0.4774,0.7917,0.0639,0.0805,0.1235,0.1004,0.0095,0.0048,1.66,3.2934,-1.6334,1.984,1.984,1.6372,3.2261,1.9705
High income,sin_telefono,Sin teléfono móvil,con smartphone,2,1597,227,0.2556,0.795,0.0187,0.0803,0.035,0.0999,0.0131,0.0045,6.1614,3.1632,2.9982,0.5134,0.5134,6.2857,2.5388,0.4039
High income,sin_internet,Sin uso de internet (3 meses),con uso de internet,6,5929,946,0.4983,0.8407,0.0241,0.0931,0.0406,0.1094,0.0077,0.0069,6.8969,2.3198,4.5771,0.3364,0.3364,7.1069,2.6058,0.3667
Latin America & Caribbean (excluding high income),sin_documento,Sin documento de identidad,con documento,15,14873,334,0.4135,0.6753,0.027,0.1142,0.0578,0.1541,0.0054,0.0314,8.7214,2.2913,6.4301,0.2627,0.2627,7.6746,1.5222,0.1983
Latin America & Caribbean (excluding high income),telefono_basico,Sólo teléfono básico (sin smartphone),con smartphone,16,13659,2596,0.5896,0.7285,0.1022,0.1239,0.1429,0.1589,0.0439,0.0302,2.169,1.5819,0.5871,0.7293,0.7293,2.386,1.6073,0.6736
Latin America & Caribbean (excluding high income),sin_telefono,Sin teléfono móvil,con smartphone,16,12855,1792,0.3447,0.737,0.0427,0.1259,0.098,0.16,0.0137,0.0306,8.3217,4.1933,4.1284,0.5039,0.5039,7.1953,3.592,0.4992
Latin America & Caribbean (excluding high income),sin_internet,Sin uso de internet (3 meses),con uso de internet,16,15656,2967,0.4005,0.7175,0.0485,0.1235,0.0931,0.1588,0.0187,0.0337,7.5016,3.1628,4.3388,0.4216,0.4216,6.6043,2.5018,0.3788
Middle East & North Africa (excluding high income),sin_documento,Sin documento de identidad,con documento,9,8831,321,0.5156,0.5057,0.0471,0.0718,0.0437,0.1069,0.0507,0.036,2.4695,-0.0317,2.5012,-0.0128,-0.0128,5.1678,0.6149,0.119
Middle East & North Africa (excluding high income),telefono_basico,Sólo teléfono básico (sin smartphone),con smartphone,10,9417,1780,0.4221,0.5341,0.0721,0.0694,0.0895,0.1049,0.0594,0.0287,-0.2689,0.5959,-0.8649,,,-1.1933,0.6281,
Middle East & North Africa (excluding high income),sin_telefono,Sin teléfono móvil,con smartphone,10,8242,605,0.4414,0.5176,0.068,0.0668,0.1172,0.1026,0.029,0.0284,-0.1153,0.6184,-0.7337,,,0.211,0.319,1.5119
Middle East & North Africa (excluding high income),sin_internet,Sin uso de internet (3 meses),con uso de internet,10,10028,2028,0.4095,0.5373,0.053,0.0762,0.0578,0.1182,0.0496,0.0273,2.3201,0.6329,1.6872,0.2728,0.2728,1.2569,0.559,0.4448
South Asia,sin_documento,Sin documento de identidad,con documento,5,6929,298,0.1093,0.7714,0.0503,0.124,0.0894,0.1486,0.0455,0.0409,7.3727,5.021,2.3517,0.681,0.681,6.0902,2.3552,0.3867
South Asia,telefono_basico,Sólo teléfono básico (sin smartphone),con smartphone,5,5197,2050,0.7315,0.8398,0.123,0.155,0.1508,0.176,0.0472,0.0453,3.2026,1.2691,1.9335,0.3963,0.3963,2.4537,0.6693,0.2728
South Asia,sin_telefono,Sin teléfono móvil,con smartphone,5,4941,1794,0.6576,0.8211,0.0775,0.1525,0.1012,0.1755,0.032,0.0472,7.5003,1.6146,5.8857,0.2153,0.2153,7.4004,1.6512,0.2231
South Asia,sin_internet,Sin uso de internet (3 meses),con uso de internet,5,6997,3801,0.7007,0.819,0.1026,0.1459,0.1271,0.1709,0.0451,0.0328,4.3371,1.3022,3.0349,0.3002,0.3002,4.0098,1.1003,0.2744
Sub-Saharan Africa (excluding high income),sin_documento,Sin documento de identidad,con documento,33,32471,5736,0.1446,0.4485,0.0247,0.0646,0.0906,0.1169,0.0136,0.0221,3.9945,2.6112,1.3833,0.6537,0.6537,4.1332,2.3278,0.5632
Sub-Saharan Africa (excluding high income),telefono_basico,Sólo teléfono básico (sin smartphone),con smartphone,35,28483,12420,0.3432,0.5826,0.0526,0.0841,0.1107,0.1246,0.0223,0.0276,3.1479,2.2202,0.9278,0.7053,0.7053,2.6717,2.2191,0.8306
Sub-Saharan Africa (excluding high income),sin_telefono,Sin teléfono móvil,con smartphone,35,22547,6484,0.1376,0.5942,0.0191,0.084,0.0696,0.1233,0.0111,0.0264,6.4829,3.5475,2.9353,0.5472,0.5472,5.893,2.9415,0.4992
Sub-Saharan Africa (excluding high income),sin_internet,Sin uso de internet (3 meses),con uso de internet,35,35044,17735,0.2695,0.5699,0.04,0.0852,0.0956,0.132,0.0194,0.0231,4.5216,2.7791,1.7425,0.6146,0.6146,3.3864,2.6146,0.7721
