ambito,condicion,nombre,referencia,economias,n,n_perfil,cuenta_perfil,cuenta_ref,credito_perfil,credito_ref,credito_con_cuenta_perfil,credito_con_cuenta_ref,credito_sin_cuenta_perfil,credito_sin_cuenta_ref,brecha_pp,acceso_pp,posterior_pp,pct_acceso,reduccion_contrafactual,brecha_pp_intra,acceso_pp_intra,pct_acceso_intra,pct_acceso_inf,pct_acceso_sup,cociente_cuenta_aj,cociente_cuenta_aj_inf,cociente_cuenta_aj_sup,cociente_credito_con_cuenta_aj,cociente_credito_con_cuenta_aj_inf,cociente_credito_con_cuenta_aj_sup
"UE-4 (Bulgaria, Croacia, Polonia, Rumanía)",sin_documento,Sin documento de identidad,con documento,1,995,24,,,,,,,,,,,,,,,,,,,,,,,,
"UE-4 (Bulgaria, Croacia, Polonia, Rumanía)",telefono_basico,Sólo teléfono básico (sin smartphone),con smartphone,2,1839,452,0.5217,0.8399,0.0473,0.0899,0.078,0.1058,0.0138,0.0064,4.255,2.6021,1.6529,0.6115,0.6115,4.0625,2.6922,0.6627,0.2791,2.2149,0.7659,0.6766,0.8669,1.1373,0.598,2.1631
"UE-4 (Bulgaria, Croacia, Polonia, Rumanía)",sin_telefono,Sin teléfono móvil,con smartphone,2,1537,150,0.2869,0.8383,0.035,0.0892,0.0851,0.1053,0.0148,0.0061,5.4221,4.6696,0.7525,0.8612,0.8612,5.7756,3.3885,0.5867,0.3756,2.6855,0.454,0.3355,0.6146,1.2797,0.4736,3.4578
"UE-4 (Bulgaria, Croacia, Polonia, Rumanía)",sin_internet,Sin uso de internet (3 meses),con uso de internet,4,3982,876,0.5133,0.8979,0.0234,0.1003,0.0363,0.1113,0.0098,0.0036,7.6898,2.581,5.1089,0.3356,0.3356,7.4647,2.4897,0.3335,0.2608,0.4545,0.6978,0.6318,0.7706,0.5866,0.3179,1.0822
Bulgaria,sin_documento,Sin documento de identidad,con documento,0,0,0,,,,,,,,,,,,,,,,,,,,,,,,
Bulgaria,telefono_basico,Sólo teléfono básico (sin smartphone),con smartphone,1,910,208,0.6943,0.9147,0.0175,0.1184,0.0093,0.1267,0.036,0.0286,10.0867,0.7876,9.299,0.0781,0.0781,10.0867,0.7876,0.0781,-0.0241,0.1625,,,,,,
Bulgaria,sin_telefono,Sin teléfono móvil,con smartphone,1,787,85,0.4771,0.9147,0.0717,0.1184,0.1503,0.1267,0.0,0.0286,4.6649,5.4356,-0.7707,1.1652,1.1652,4.6649,5.4356,1.1652,0.2305,19.8512,,,,,,
Bulgaria,sin_internet,Sin uso de internet (3 meses),con uso de internet,1,996,268,0.5916,0.9127,0.0348,0.1152,0.0445,0.1237,0.0208,0.0269,8.0425,1.9338,6.1086,0.2405,0.2405,8.0425,1.9338,0.2405,0.0956,0.6546,,,,,,
Croatia,sin_documento,Sin documento de identidad,con documento,0,0,0,,,,,,,,,,,,,,,,,,,,,,,,
Croatia,telefono_basico,Sólo teléfono básico (sin smartphone),con smartphone,0,0,0,,,,,,,,,,,,,,,,,,,,,,,,
Croatia,sin_telefono,Sin teléfono móvil,con smartphone,0,0,0,,,,,,,,,,,,,,,,,,,,,,,,
Croatia,sin_internet,Sin uso de internet (3 meses),con uso de internet,1,996,116,0.9045,0.9304,0.0471,0.156,0.0521,0.1677,0.0,0.0,10.8919,0.2838,10.6081,0.0261,0.0261,10.8919,0.2838,0.0261,-0.0449,0.1048,,,,,,
Poland,sin_documento,Sin documento de identidad,con documento,1,995,24,,,,,,,,,,,,,,,,,,,,,,,,
Poland,telefono_basico,Sólo teléfono básico (sin smartphone),con smartphone,0,0,0,,,,,,,,,,,,,,,,,,,,,,,,
Poland,sin_telefono,Sin teléfono móvil,con smartphone,0,0,0,,,,,,,,,,,,,,,,,,,,,,,,
Poland,sin_internet,Sin uso de internet (3 meses),con uso de internet,1,995,197,0.5648,0.9308,0.0178,0.0988,0.0274,0.1061,0.0054,0.0,8.0989,2.3465,5.7524,0.2897,0.2897,8.0989,2.3465,0.2897,0.1832,0.4855,,,,,,
Romania,sin_documento,Sin documento de identidad,con documento,0,0,0,,,,,,,,,,,,,,,,,,,,,,,,
Romania,telefono_basico,Sólo teléfono básico (sin smartphone),con smartphone,1,929,244,0.4741,0.8129,0.0555,0.0795,0.1058,0.0972,0.0103,0.0027,2.3997,3.218,-0.8183,1.341,1.341,2.3997,3.218,1.341,0.4561,9.162,,,,,,
Romania,sin_telefono,Sin teléfono móvil,con smartphone,1,750,65,0.1887,0.8129,0.016,0.0795,0.0,0.0972,0.0198,0.0027,6.3493,2.3311,4.0182,0.3671,0.3671,6.3493,2.3311,0.3671,0.2234,0.4549,,,,,,
Romania,sin_internet,Sin uso de internet (3 meses),con uso de internet,1,995,295,0.3626,0.8178,0.0263,0.0851,0.05,0.1034,0.0127,0.0027,5.8836,3.1396,2.744,0.5336,0.5336,5.8836,3.1396,0.5336,0.3333,1.0253,,,,,,
